gsis_id,name,position,team,age,receptions_per_game,targets_per_game,receiving_yards_per_game,receiving_tds_per_game,carries_per_game,rushing_yards_per_game,rushing_tds_per_game,points_per_game,market_value
00-0038389,Israel Abanikanda,RB,DAL,23.9,0.23399999999999999,0.36600000000000005,1.4340000000000002,0.0,0.734,2.334,0.0,0.61,0
00-0032104,Ameer Abdullah,RB,JAX,33.21,1.654,1.8940000000000001,10.668,0.06,2.048,9.641,0.079,4.477,0
00-0039040,De'Von Achane,RB,MIA,24.87,3.962,4.8629999999999995,29.278,0.28400000000000003,12.894,72.741,0.501,18.85,5120
00-0041221,Jackson Acker,RB,BUF,23.95,0.0,0.0,0.0,0.0,0.0,0.0,0.0,0.0,0
00-0036020,Salvon Ahmed,RB,CHI,27.66,0.458,0.658,2.5140000000000002,0.028000000000000004,0.6280000000000001,1.7420000000000002,0.028000000000000004,1.226,0
00-0039796,Rasheen Ali,RB,BAL,25.53,0.375,0.60625,2.8312500000000003,0.043750000000000004,1.0437499999999997,3.3249999999999997,0.0,1.23875,0
00-0039794,Braelon Allen,RB,NYJ,22.6,0.7324999999999999,1.065,5.922499999999999,0.022499999999999996,4.84125,19.24375,0.20124999999999998,4.272499999999999,257
00-0041096,Kaytron Allen,RB,WAS,23.64,0.0,0.0,0.0,0.0,0.0,0.0,0.0,0.0,221
00-0040238,LeQuint Allen Jr.,RB,JAX,22.06,0.62,0.69,3.38,0.0,1.44,5.88,0.0,1.55,112
00-0037263,Tyler Allgeier,RB,ARI,26.37,0.85,0.968,6.649,0.012,8.811,34.519999999999996,0.33699999999999997,7.113,333
00-0037085,Tyler Badie,RB,DEN,27.55,0.895,1.27,4.204000000000001,0.0,1.351,9.321000000000002,0.0,2.044,0
00-0041139,Damon Bankston,RB,NYG,23.34,0.0,0.0,0.0,0.0,0.0,0.0,0.0,0.0,0
00-0034844,Saquon Barkley,RB,PHI,29.55,2.359,3.225,17.744,0.154,18.746,86.96,0.549,17.111,2964
00-0041165,Coleman Bennett,RB,CHI,23.9,0.0,0.0,0.0,0.0,0.0,0.0,0.0,0.0,0
00-0039921,Trey Benson,RB,ARI,24.1,2.21875,2.6875,11.844999999999999,0.0,6.5,34.09375,0.029999999999999995,7.00125,162
00-0040476,Ulysses Bentley IV,RB,IND,25.66,0.0,0.0,0.0,0.0,1.0,0.0,0.0,0.0,0
00-0038555,Tank Bigsby,RB,PHI,24.0,0.24800000000000003,0.422,2.1710000000000003,0.0,6.02,28.259,0.227,4.595000000000001,243
00-0041052,Kaelon Black,RB,SF,24.86,0.0,0.0,0.0,0.0,0.0,0.0,0.0,0.0,219
00-0037429,Raheem Blackshear,RB,DET,28.23,0.134,0.15600000000000003,1.0,0.0,0.5940000000000001,2.5220000000000002,0.0,0.53,0
00-0040586,Jaydon Blue,RB,DAL,22.64,0.2,0.2,1.0,0.0,7.6,25.8,0.2,4.08,206
00-0041277,Davon Booth,RB,CLE,24.59,0.0,0.0,0.0,0.0,0.0,0.0,0.0,0.0,0
00-0041081,Max Bredeson,RB,MIN,23.9,0.0,0.0,0.0,0.0,0.0,0.0,0.0,0.0,0
00-0036569,Gary Brightwell,RB,CIN,28.5,0.25,0.35000000000000003,2.35,0.0,0.45,0.9500000000000001,0.0,0.58,0
00-0039603,British Brooks,RB,HOU,26.78,0.0,0.0,0.0,0.0,1.5125000000000002,6.46875,0.0,0.65,0
00-0038685,Chris Brooks,RB,GB,26.63,0.6799999999999999,0.854,4.555999999999999,0.0,3.042,15.178,0.027,2.8179999999999996,112
00-0039344,Jonathon Brooks,RB,CAR,23.11,0.37499999999999994,0.37499999999999994,2.8762499999999998,0.0,1.1249999999999998,2.74875,0.0,0.9374999999999999,846
00-0040208,Tahj Brooks,RB,CIN,24.29,0.08,0.17,0.75,0.0,1.33,3.75,0.0,0.53,26
00-0037329,Brittain Brown,RB,CHI,28.88,0.0,0.25,0.0,0.0,1.25,9.25,0.25,2.425,0
00-0038597,Chase Brown,RB,CIN,26.44,3.2779999999999996,4.058,22.205,0.236,11.852,51.518,0.307,13.984000000000002,3458
00-0041241,Kentrel Bullock,RB,CIN,24.41,0.0,0.0,0.0,0.0,0.0,0.0,0.0,0.0,0
00-0041433,Kadarius Calloway,RB,TB,24.56,0.0,0.0,0.0,0.0,0.0,0.0,0.0,0.0,0
00-0036924,Michael Carter,RB,TEN,27.31,2.691,3.245,17.316,0.014000000000000002,7.441,28.405,0.139,8.173,61
00-0040547,Nate Carter,RB,ATL,24.27,0.0,0.0,0.0,0.0,4.5,30.0,0.0,2.0,0
00-0041486,Anderson Castle,RB,IND,24.58,0.0,0.0,0.0,0.0,0.0,0.0,0.0,0.0,0
00-0037276,Ty Chandler,RB,NO,28.3,0.891,1.106,4.723,0.0,5.311,17.497,0.038000000000000006,3.336,0
00-0039165,Zach Charbonnet,RB,SEA,25.64,1.778,2.168,13.112,0.018,9.482,38.626999999999995,0.528,10.293,507
00-0037594,Julius Chestnut,RB,TEN,25.84,0.051000000000000004,0.135,0.276,0.0,0.894,3.8,0.0,0.458,0
00-0041104,Demond Claiborne,RB,MIN,22.89,0.0,0.0,0.0,0.0,0.0,0.0,0.0,0.0,191
00-0041496,Jonah Coleman,RB,DEN,23.02,0.0,0.0,0.0,0.0,0.0,0.0,0.0,0.0,614
00-0039244,Chris Collier,RB,LV,26.43,0.06375,0.12374999999999999,-0.25125,0.0,0.3112499999999999,0.7499999999999999,0.0,0.11249999999999998,0
00-0033553,James Conner,RB,ARI,31.32,2.633,3.04,16.637,0.21300000000000002,12.96,52.349000000000004,0.42300000000000004,13.408,96
00-0041415,Dean Connors,RB,LA,23.0,0.0,0.0,0.0,0.0,0.0,0.0,0.0,0.0,0
00-0037248,James Cook,RB,BUF,26.92,2.088,2.5250000000000004,18.632,0.144,15.76,79.793,0.679,16.629,4666
00-0037410,Jashaun Corbin,RB,DAL,26.02,0.2,0.2,0.8,0.0,0.066,0.066,0.0,0.286,0
00-0039738,Blake Corum,RB,LA,25.76,0.4699999999999999,0.7112499999999999,2.77625,0.0,6.7825,32.6,0.21875,5.33,696
00-0040242,Jacory Croskey-Merritt,RB,WAS,25.38,0.53,0.76,4.0,0.0,10.29,47.35,0.47,8.25,557
00-0036425,DeeJay Dallas,RB,JAX,27.95,0.127,0.263,0.513,0.018,0.586,3.442,0.0,0.747,0
00-0039798,Isaiah Davis,RB,NYJ,24.52,1.0775000000000001,1.43875,9.42625,0.029999999999999995,2.5475,14.236249999999998,0.06749999999999999,4.1049999999999995,52
00-0037563,Malik Davis,RB,DAL,27.75,0.1,0.25,0.8,0.0,2.6,12.5,0.1,2.03,196
00-0041485,Miles Davis,RB,CAR,24.58,0.0,0.0,0.0,0.0,0.0,0.0,0.0,0.0,0
00-0039875,Ray Davis,RB,BUF,26.77,0.7437499999999999,0.895,7.332499999999999,0.1425,4.625,19.862499999999997,0.06749999999999999,4.9175,158
00-0038705,Emari Demercado,RB,KC,27.6,1.291,1.843,8.774000000000001,0.04,3.444,23.309,0.06,5.025,124
00-0041376,Gregory Desrosiers,RB,LAC,25.42,0.0,0.0,0.0,0.0,0.0,0.0,0.0,0.0,0
00-0036265,AJ Dillon,RB,CAR,28.32,0.544,0.6240000000000001,4.724,0.0,3.374,13.174,0.026000000000000002,2.3280000000000003,0
00-0036158,J.K. Dobbins,RB,DEN,27.7,1.6880000000000002,2.176,8.381,0.0,13.75,63.885999999999996,0.607,12.559999999999999,437
00-0041326,CJ Donaldson,RB,NO,22.14,0.0,0.0,0.0,0.0,0.0,0.0,0.0,0.0,0
00-0036139,Rico Dowdle,RB,PIT,28.21,2.089,2.6639999999999997,15.203,0.11099999999999999,12.459,56.388999999999996,0.235,11.212,555
00-0040400,Donovan Edwards,RB,MIA,23.5,0.0,0.0,0.0,0.0,0.0,0.0,0.0,0.0,0
00-0039373,Audric Estimé,RB,NO,22.98,1.6425,1.7675,13.655,0.0,7.94375,33.69375,0.18125,7.418749999999999,0
00-0036973,Travis Etienne,RB,NO,27.59,2.5220000000000002,3.4290000000000003,19.269,0.187,13.786999999999999,55.578,0.374,13.395999999999999,1620
00-0040644,Trevor Etienne,RB,CAR,22.14,0.18,0.18,0.76,0.0,1.18,5.53,0.0,0.81,152
00-0041585,Grant Finley,RB,NYG,23.03,0.0,0.0,0.0,0.0,0.0,0.0,0.0,0.0,0
00-0037267,Jerome Ford,RB,WAS,26.96,2.31,2.893,12.533000000000001,0.057999999999999996,5.554,24.482,0.111,7.03,10
00-0036919,Kenny Gainwell,RB,TB,27.46,2.803,3.349,18.628999999999998,0.09,5.728,25.463,0.187,8.832,404
00-0039139,Jahmyr Gibbs,RB,DET,24.44,3.8770000000000002,4.824,31.457,0.23099999999999998,13.984,73.488,0.796,20.423000000000002,9951
00-0040179,DJ Giddens,RB,IND,23.01,0.0,0.4,0.0,0.0,5.2,19.2,0.0,1.92,113
00-0036187,Reggie Gilliam,RB,NE,29.02,0.13,0.13,1.21,0.0,0.219,0.48,0.0,0.302,0
00-0037120,Tyler Goodson,RB,ATL,25.8,0.537,0.771,2.842,0.021,1.571,7.3790000000000004,0.021,1.815,0
00-0040198,Ollie Gordon II,RB,MIA,22.62,0.41,0.53,1.88,0.06,4.12,11.71,0.18,3.18,127
00-0039471,Frank Gore Jr.,RB,BUF,24.46,0.0,0.0,0.0,0.0,0.0,0.0,0.0,0.0,0
00-0038396,Eric Gray,RB,NYG,26.82,0.33299999999999996,0.377,2.198,0.0,0.64,1.6229999999999998,0.0,0.6739999999999999,0
00-0039363,Isaac Guerendo,RB,SF,26.17,0.3524999999999999,0.37499999999999994,3.5624999999999996,0.0,1.9687499999999998,9.843749999999998,0.09374999999999999,2.2537499999999997,31
00-0038120,Breece Hall,RB,NYJ,25.24,3.087,4.043,26.948999999999998,0.135,14.137,61.399,0.276,14.426,2533
00-0040666,Omarion Hampton,RB,LAC,23.45,3.56,3.89,21.33,0.11,13.78,60.56,0.44,15.08,5061
00-0041157,Anthony Hankerson,RB,SEA,22.57,0.0,0.0,0.0,0.0,0.0,0.0,0.0,0.0,0
00-0041281,TJ Harden,RB,SEA,22.35,0.0,0.0,0.0,0.0,0.0,0.0,0.0,0.0,0
00-0036893,Najee Harris,RB,NYG,28.47,1.4780000000000002,1.794,11.16,0.0,10.141,40.746,0.199,7.8469999999999995,149
00-0040730,RJ Harvey,RB,DEN,25.56,2.76,3.41,20.94,0.29,8.59,31.76,0.41,12.15,733
00-0037617,Hassan Haskins,RB,NE,26.75,0.255,0.255,1.814,0.024,1.624,4.361,0.051000000000000004,1.274,0
00-0035806,JaMycal Hasty,RB,NE,29.96,0.24899999999999997,0.7,1.476,0.024,0.501,1.7249999999999999,0.0,0.72,0
00-0041244,Jamal Haynes,RB,CIN,23.9,0.0,0.0,0.0,0.0,0.0,0.0,0.0,0.0,0
00-0041490,Eli Heidenreich,RB,PIT,23.09,0.0,0.0,0.0,0.0,0.0,0.0,0.0,0.0,231
00-0040998,Roman Hemby,RB,LV,24.03,0.0,0.0,0.0,0.0,0.0,0.0,0.0,0.0,0
00-0040734,TreVeyon Henderson,RB,NE,23.85,2.06,2.47,13.0,0.06,10.59,53.59,0.53,12.13,2395
00-0032764,Derrick Henry,RB,BAL,32.65,1.106,1.431,10.333,0.036,18.060000000000002,94.53999999999999,0.8939999999999999,17.059,2020
00-0041178,Robert Henry Jr.,RB,WAS,24.66,0.0,0.0,0.0,0.0,0.0,0.0,0.0,0.0,0
00-0036906,Khalil Herbert,RB,SF,28.35,0.7070000000000001,1.216,3.315,0.016,4.781000000000001,18.93,0.061,3.394,0
00-0041436,DJ Herman,RB,MIA,24.45,0.0,0.0,0.0,0.0,0.0,0.0,0.0,0.0,0
00-0034975,Justice Hill,RB,BAL,28.79,2.24,2.858,18.685,0.122,2.8890000000000002,14.048000000000002,0.15900000000000003,7.167,120
00-0039299,George Holani,RB,SEA,26.7,0.24874999999999997,0.24874999999999997,0.81375,0.0,1.75,5.811249999999999,0.0625,1.53625,97
00-0035594,Travis Homer,RB,PIT,28.06,0.11399999999999999,0.142,0.414,0.0,0.285,0.739,0.0,0.22499999999999998,0
00-0036555,Chuba Hubbard,RB,CAR,27.21,2.319,2.898,13.597,0.12100000000000001,12.266000000000002,51.548,0.29400000000000004,11.160999999999998,645
00-0038397,Evan Hull,RB,ARI,25.84,0.28500000000000003,0.28500000000000003,1.7000000000000002,0.0,1.785,4.2,0.0,0.875,0
00-0040692,Jarquez Hunter,RB,LA,23.66,0.0,0.0,0.0,0.0,0.0,0.0,0.0,0.0,52
00-0040618,Max Hurleman,RB,PIT,24.86,0.0,0.0,0.0,0.0,0.0,0.0,0.0,0.0,0
00-0039361,Bucky Irving,RB,TB,24.03,2.9099999999999997,3.335,25.96,0.1875,15.379999999999999,61.5,0.23874999999999996,14.048749999999998,2136
00-0040332,Ja'Quinden Jackson,RB,PHI,24.96,0.0,0.0,0.0,0.0,0.0,0.0,0.0,0.0,0
00-0035700,Josh Jacobs,RB,GB,28.54,2.406,3.0540000000000003,19.990000000000002,0.053000000000000005,16.697,66.803,0.791,15.863,1786
00-0040177,Jordan James,RB,SF,22.42,0.0,0.0,0.0,0.0,0.0,0.0,0.0,0.0,192
00-0040122,Ashton Jeanty,RB,LV,22.74,3.24,4.29,20.35,0.29,15.65,57.35,0.29,14.42,5530
00-0036670,Jermar Jefferson,RB,MIN,26.37,0.15,0.15,1.5,0.0,0.8999999999999999,3.3,0.0,0.63,0
00-0039757,Terrell Jennings,RB,NE,25.65,0.10625000000000001,0.29374999999999996,0.9375,0.0,4.831249999999999,13.79375,0.10625000000000001,2.1999999999999997,0
00-0040039,Amar Johnson,RB,LAC,23.57,0.0,1.0,0.0,0.0,2.0,8.0,0.0,0.8,0
00-0035628,D'Ernest Johnson,RB,TEN,30.5,0.424,0.624,4.15,0.0,2.713,7.426,0.0,1.581,0
00-0041013,Emmett Johnson,RB,KC,22.88,0.0,0.0,0.0,0.0,0.0,0.0,0.0,0.0,320
00-0040142,Kaleb Johnson,RB,PIT,23.04,0.1,0.2,0.9,0.0,2.8,6.9,0.0,0.88,139
00-0039021,Roschon Johnson,RB,CHI,25.57,0.823,0.996,5.186,0.0,2.5140000000000002,9.571,0.164,3.287,33
00-0035537,Ty Johnson,RB,BUF,28.95,1.179,1.567,14.126000000000001,0.136,2.859,12.573,0.108,5.287,64
00-0033293,Aaron Jones,RB,MIN,31.74,2.6109999999999998,3.5869999999999997,19.726,0.094,12.582,54.845,0.20800000000000002,11.66,186
00-0041191,Cash Jones,RB,ATL,26.4,0.0,0.0,0.0,0.0,0.0,0.0,0.0,0.0,0
00-0041588,Justin Jones,RB,SEA,25.23,0.0,0.0,0.0,0.0,0.0,0.0,0.0,0.0,0
00-0039405,Jawhar Jordan,RB,HOU,27.03,1.09375,1.09375,5.3125,0.0,6.71875,30.15625,0.0,4.64375,0
00-0040784,Quinshon Judkins,RB,CLE,22.83,1.86,2.57,12.21,0.0,16.43,59.07,0.5,12.13,2437
00-0033906,Alvin Kamara,RB,NO,31.09,4.112,5.007,27.262,0.058,13.611999999999998,52.444,0.25,13.844000000000001,230
00-0040556,Corey Kiner,RB,ARI,24.6,0.5,0.75,3.75,0.0,3.0,14.5,0.0,2.33,0
00-0037157,Bam Knight,RB,ARI,25.38,1.0150000000000001,1.3900000000000001,7.465,0.04,3.715,12.510000000000002,0.165,4.18,0
00-0041595,Barika Kpeenu,RB,TB,23.73,0.0,0.0,0.0,0.0,0.0,0.0,0.0,0.0,0
00-0040567,Brock Lampe,RB,SEA,23.41,0.0,0.0,0.0,0.0,0.0,0.0,0.0,0.0,0
00-0040568,Lan Larison,RB,NE,24.88,0.0,0.0,0.0,0.0,0.0,0.0,0.0,0.0,0
00-0039407,Dylan Laube,RB,LV,26.71,0.11249999999999999,0.15,0.6625000000000001,0.0,0.31999999999999995,0.33125000000000004,0.0,0.08875000000000004,0
00-0039811,MarShawn Lloyd,RB,GB,25.64,0.37499999999999994,0.37499999999999994,1.1249999999999998,0.0,2.2499999999999996,5.624999999999999,0.0,1.0499999999999998,297
00-0041027,Jeremiyah Love,RB,ARI,21.24,0.0,0.0,0.0,0.0,0.0,0.0,0.0,0.0,5743
00-0038738,Hunter Luepke,RB,DAL,26.5,0.783,0.9570000000000001,6.634,0.035,0.948,3.728,0.020000000000000004,2.15,0
00-0040021,Phil Mafah,RB,DAL,23.84,2.0,2.0,11.0,0.0,5.0,18.0,1.0,10.9,81
00-0040583,Woody Marks,RB,HOU,25.66,1.5,2.25,13.0,0.19,12.25,43.94,0.12,9.07,373
00-0040260,Ahmani Marshall,RB,CLE,24.44,0.0,0.0,0.0,0.0,0.0,0.0,0.0,0.0,0
00-0040651,Damien Martinez,RB,GB,22.57,0.0,0.0,0.0,0.0,0.0,0.0,0.0,0.0,7
00-0037525,Jordan Mason,RB,MIN,27.26,0.754,0.901,4.257,0.0,9.295,45.991,0.303,7.462,473
00-0033280,Christian McCaffrey,RB,SF,30.22,4.963,6.258,45.175,0.293,16.295,68.743,0.471,20.732,3584
00-0037509,Sincere McCormick,RB,SF,25.96,0.44999999999999996,0.525,2.175,0.0,2.925,13.725,0.0,2.04,0
00-0041125,Seth McGowan,RB,IND,24.85,0.0,0.0,0.0,0.0,0.0,0.0,0.0,0.0,147
00-0038794,Jaleel McLaughlin,RB,DEN,25.96,1.064,1.306,4.997,0.06,5.322,25.814,0.09,5.037,35
00-0040984,Dontae McMillan,RB,BAL,25.07,0.0,0.0,0.0,0.0,0.0,0.0,0.0,0.0,0
00-0033955,Jeremy McNichols,RB,WAS,30.67,0.96,1.21,6.665,0.0,2.476,12.125,0.111,3.545,0
00-0039230,Dante Miller,RB,NYG,27.29,0.0,0.0,0.0,0.0,0.0,0.0,0.0,0.0,0
00-0041129,Jam Miller,RB,NE,22.33,0.0,0.0,0.0,0.0,0.0,0.0,0.0,0.0,0
00-0038551,Kendre Miller,RB,NO,24.21,0.8899999999999999,1.068,7.1370000000000005,0.0,6.477,25.644,0.14900000000000002,5.073,58
00-0039266,Kendall Milton,RB,CIN,24.55,0.0,0.0,0.0,0.0,1.25,1.25,0.0,0.125,0
00-0038678,Jordan Mims,RB,PHI,27.2,0.44999999999999996,0.8749999999999999,2.664,0.0,0.75,2.625,0.0,0.9779999999999999,0
00-0038454,Keaton Mitchell,RB,LAC,24.61,0.6779999999999999,0.8490000000000001,7.183,0.0,4.737,26.679000000000002,0.098,4.638,266
00-0040236,Kyle Monangai,RB,CHI,24.23,1.06,1.76,9.65,0.0,9.94,46.06,0.29,8.63,582
00-0035685,David Montgomery,RB,HOU,29.22,1.7039999999999997,2.01,14.625,0.0,11.736,52.168,0.679,12.622,1118
00-0041323,Myles Montgomery,RB,NE,23.4,0.0,0.0,0.0,0.0,0.0,0.0,0.0,0.0,0
00-0040205,Kalel Mullings,RB,TEN,23.9,0.0,0.0,0.0,0.0,0.75,1.75,0.0,0.18,36
00-0040202,Devin Neal,RB,NO,23.04,1.89,2.11,11.56,0.0,6.33,22.89,0.22,6.67,100
00-0038409,Lew Nichols III,RB,PIT,25.03,0.0,0.0,0.0,0.0,0.0,0.0,0.0,0.0,0
00-0040946,Jaden Nixon,RB,GB,23.94,0.0,0.0,0.0,0.0,0.0,0.0,0.0,0.0,0
00-0036842,Kene Nwangwu,RB,NYJ,28.55,0.0,0.05,0.0,0.0,0.774,2.774,0.0,1.4769999999999999,0
00-0033854,Dare Ogunbowale,RB,LV,32.32,0.756,1.1460000000000001,6.829,0.018,1.137,3.773,0.035,2.072,0
00-0040959,Jaydn Ott,RB,KC,23.7,0.0,0.0,0.0,0.0,0.0,0.0,0.0,0.0,0
00-0040649,Robbie Ouzts,RB,SEA,23.98,0.0,0.0,0.0,0.0,0.0,0.0,0.0,0.0,0
00-0037197,Isiah Pacheco,RB,DET,27.49,1.871,2.387,10.758,0.068,11.026,44.415,0.182,8.855,213
00-0036755,Jaret Patterson,RB,LAC,26.68,0.25,0.335,0.665,0.0,3.415,13.25,0.085,2.14,0
00-0033526,Samaje Perine,RB,CIN,30.95,1.648,1.976,13.934000000000001,0.018,3.778,17.158,0.13,5.46,40
00-0037258,Dameon Pierce,RB,PHI,26.52,0.24600000000000002,0.46199999999999997,1.5020000000000002,0.0,4.672,18.332,0.088,2.847,0
00-0041307,Joshua Pitsenberger,RB,HOU,22.88,0.0,0.0,0.0,0.0,0.0,0.0,0.0,0.0,0
00-0035261,Tony Pollard,RB,TEN,29.33,2.386,3.061,14.181999999999999,0.0,14.959,63.881,0.308,11.844999999999999,372
00-0041512,Jadarian Price,RB,SEA,22.89,0.0,0.0,0.0,0.0,0.0,0.0,0.0,0.0,2038
00-0040888,Adam Randall,RB,BAL,22.12,0.0,0.0,0.0,0.0,0.0,0.0,0.0,0.0,137
00-0035567,Craig Reynolds,RB,WAS,30.2,0.198,0.27,2.284,0.0,2.148,8.597999999999999,0.016,1.349,0
00-0033376,Patrick Ricard,RB,NYG,32.26,0.33199999999999996,0.55,2.946,0.058,0.1,0.3,0.0,1.008,0
00-0040937,Dominic Richardson,RB,NYJ,25.38,0.0,0.0,0.0,0.0,0.0,0.0,0.0,0.0,0
00-0037557,Ronnie Rivers,RB,LA,27.57,0.361,0.412,2.189,0.0,2.563,11.651,0.0,1.746,0
00-0040393,Kye Robichaux,RB,DET,23.89,0.0,0.0,0.0,0.0,0.0,0.0,0.0,0.0,0
00-0038542,Bijan Robinson,RB,ATL,24.58,4.084,5.314,37.455,0.186,16.322000000000003,80.64699999999999,0.49899999999999994,19.833,10000
00-0037746,Brian Robinson,RB,ATL,27.44,1.144,1.4660000000000002,9.049000000000001,0.054000000000000006,9.087,38.66,0.297,7.905,255
00-0038611,Chris Rodriguez Jr.,RB,JAX,26.92,0.21100000000000002,0.251,2.029,0.0,7.299,33.736000000000004,0.381,6.027,261
00-0038488,Brady Russell,RB,SEA,27.99,0.0,0.05,0.0,0.0,0.0,0.0,0.0,0.0,0
00-0040162,Dylan Sampson,RB,CLE,21.95,2.2,2.67,18.07,0.13,4.33,11.67,0.0,5.84,260
00-0040466,Raheim Sanders,RB,CLE,24.22,0.75,1.0,5.25,0.0,6.75,23.0,0.25,5.08,51
00-0038896,Jacob Saylors,RB,DET,26.47,0.0,0.0,0.0,0.0,0.09,0.5,0.0,0.05,0
00-0039703,Cody Schrader,RB,DEN,26.97,0.37499999999999994,0.37499999999999994,2.2499999999999996,0.0,0.37499999999999994,1.1249999999999998,0.0,0.7124999999999999,0
00-0040637,Lucas Scott,RB,BAL,23.01,0.0,0.0,0.0,0.0,0.0,0.0,0.0,0.0,0
00-0041200,Sam Scott,RB,NYJ,23.68,0.0,0.0,0.0,0.0,0.0,0.0,0.0,0.0,0
00-0038440,Zavier Scott,RB,MIN,27.12,0.635,0.725,4.455,0.045,1.455,5.18,0.0,1.78,0
00-0036984,Trey Sermon,RB,ATL,27.58,0.397,0.531,2.304,0.0,1.9949999999999999,7.18,0.039,1.585,0
00-0039746,Will Shipley,RB,PHI,24.0,0.51625,0.6537499999999999,3.50875,0.0,1.49125,4.553749999999999,0.0,1.3224999999999998,0
00-0035250,Devin Singletary,RB,NYG,28.98,1.302,1.488,9.089,0.0,8.301,32.158,0.274,7.1,11
00-0040886,Nicholas Singleton,RB,TEN,22.64,0.0,0.0,0.0,0.0,0.0,0.0,0.0,0.0,401
00-0040715,Cam Skattebo,RB,NYG,24.56,3.0,4.0,25.88,0.25,12.62,51.25,0.62,15.96,2035
00-0039652,Jabari Small,RB,DET,24.57,0.0,0.0,0.0,0.0,0.0,0.0,0.0,0.0,0
00-0040078,Brashard Smith,RB,KC,23.38,1.47,2.06,10.12,0.06,2.59,8.88,0.0,3.72,40
00-0040964,EJ Smith,RB,KC,24.29,0.0,0.0,0.0,0.0,0.0,0.0,0.0,0.0,0
00-0039032,Tyjae Spears,RB,TEN,25.2,3.092,3.625,20.286,0.036000000000000004,6.046,24.015,0.198,8.946000000000002,208
00-0039325,Carson Steele,RB,PHI,23.85,0.20249999999999999,0.3187499999999999,0.7499999999999999,0.0,1.6162499999999995,5.279999999999999,0.0,0.69,0
00-0036875,Rhamondre Stevenson,RB,NE,28.51,2.439,2.989,19.646,0.09100000000000001,11.384999999999998,47.871,0.45699999999999996,12.332,530
00-0040526,Tre Stewart,RB,ARI,23.7,0.0,0.0,0.0,0.0,0.0,0.0,0.0,0.0,0
00-0038098,Pierre Strong,RB,GB,27.72,0.386,0.607,2.988,0.0,1.388,6.131,0.012,1.349,0
00-0036275,D'Andre Swift,RB,CHI,27.62,2.289,3.0300000000000002,18.834,0.041999999999999996,14.296,64.005,0.447,13.423,1230
00-0040991,Elijah Tau-Tolliver,RB,BAL,23.29,0.0,0.0,0.0,0.0,0.0,0.0,0.0,0.0,0
00-0041217,J'Mari Taylor,RB,JAX,24.45,0.0,0.0,0.0,0.0,0.0,0.0,0.0,0.0,83
00-0036223,Jonathan Taylor,RB,IND,27.61,2.122,2.743,17.093,0.101,19.372,92.103,0.907,19.027,5197
00-0035973,Patrick Taylor,RB,SF,28.33,0.329,0.781,1.961,0.0,2.253,10.405999999999999,0.042,1.8239999999999998,0
TEC426541,Alex Tecza,RB,PIT,0.0,0.0,0.0,0.0,0.0,0.0,0.0,0.0,0.0,0
00-0039384,Tyrone Tracy Jr.,RB,NYG,26.76,2.34,3.17,18.26625,0.10375,11.565,49.33749999999999,0.18999999999999997,10.719999999999999,203
00-0041239,Chip Trayanum,RB,NYJ,24.65,0.0,0.0,0.0,0.0,0.0,0.0,0.0,0.0,0
00-0038951,Sean Tucker,RB,TB,24.84,0.528,0.672,3.523,0.048,4.412,16.38,0.241,4.248,83
00-0040719,Bhayshul Tuten,RB,JAX,24.53,0.67,0.93,5.27,0.13,5.53,20.47,0.33,5.91,1459
00-0040394,Anthony Tyus III,RB,CAR,23.44,0.0,0.0,0.0,0.0,0.0,0.0,0.0,0.0,0
00-0039364,Sione Vaki,RB,DET,25.08,0.12374999999999999,0.12374999999999999,1.5412499999999998,0.0,0.32625,0.8975,0.0,0.36874999999999997,0
00-0038489,Ben VanSumeren,RB,BUF,26.31,0.099,0.099,0.0,0.0,0.0,0.0,0.0,0.099,0
00-0038622,Deuce Vaughn,RB,HOU,24.82,0.414,0.534,2.414,0.0,1.786,5.534000000000001,0.0,1.208,0
00-0039391,Kimani Vidal,RB,LAC,25.0,0.97875,1.43125,9.12125,0.09125,9.2425,37.37,0.14375000000000002,7.03,181
00-0038134,Kenneth Walker III,RB,KC,25.85,2.55,3.0,19.903,0.041,13.593,57.897999999999996,0.443,13.244,3586
00-0035924,Jonathan Ward,RB,BAL,28.91,0.0,0.0,0.0,0.0,0.675,2.75,0.0,0.275,0
00-0037228,Jaylen Warren,RB,PIT,27.82,2.727,3.214,20.958,0.06,10.747,49.385000000000005,0.259,11.576,869
00-0038930,Carlos Washington,RB,MIA,27.67,0.0,0.0,0.0,0.0,0.0,0.0,0.0,0.0,0
00-0040878,Mike Washington Jr.,RB,LV,23.15,0.0,0.0,0.0,0.0,0.0,0.0,0.0,0.0,612
00-0040601,Jordan Waters,RB,LA,25.69,0.0,0.0,0.0,0.0,0.0,0.0,0.0,0.0,0
00-0039466,Ian Wheeler,RB,BUF,24.95,0.0,0.0,0.0,0.0,0.0,0.0,0.0,0.0,0
00-0037256,Rachaad White,RB,WAS,27.63,2.947,3.2889999999999997,20.728,0.156,9.96,40.734,0.25,11.35,339
00-0038040,Zamir White,RB,NO,26.94,0.855,1.192,5.0329999999999995,0.0,5.236,17.002,0.052,3.194,0
00-0041312,Noah Whittington,RB,HOU,24.71,0.0,0.0,0.0,0.0,0.0,0.0,0.0,0.0,0
00-0036997,Javonte Williams,RB,DAL,26.34,2.601,3.555,13.235,0.08399999999999999,13.041,56.260000000000005,0.45499999999999996,12.616999999999999,2164
00-0040429,Josh Williams,RB,TB,26.22,0.0,0.0,0.0,0.0,2.0,5.5,0.0,0.55,0
00-0037840,Kyren Williams,RB,LA,26.0,2.23,3.02,15.113000000000001,0.176,17.345,80.248,0.759,17.098,2366
00-0041572,Roydell Williams,RB,DET,24.72,0.0,0.0,0.0,0.0,0.0,0.0,0.0,0.0,0
00-0035291,Trayveon Williams,RB,DET,28.86,0.753,0.862,4.709,0.0,1.023,3.862,0.0,1.611,0
00-0038797,Emanuel Wilson,RB,SEA,27.31,0.795,0.946,4.676,0.018,6.052999999999999,26.849,0.16199999999999998,5.067,37
00-0040067,Jacardia Wright,RB,SEA,25.92,0.0,0.0,0.0,0.0,5.0,20.0,0.0,2.0,0
00-0039874,Jaylen Wright,RB,MIA,23.41,0.43625,0.7975,3.28875,0.0,6.8237499999999995,27.18125,0.1375,4.11875,172
00-0038458,Owen Wright,RB,HOU,27.5,0.0,0.0,0.0,0.0,0.75,1.5,0.0,0.15,0
