gsis_id,name,position,team,age,receptions_per_game,targets_per_game,receiving_yards_per_game,receiving_tds_per_game,rushing_yards_per_game,rushing_tds_per_game,points_per_game,market_value
00-0038783,Nate Adkins,TE,DEN,27.13,0.9390000000000001,1.415,7.180999999999999,0.14500000000000002,0.0,0.0,2.518,0
00-0033217,Mo Alie-Cox,TE,IND,32.93,1.076,1.7730000000000001,11.295,0.111,0.0,0.0,2.916,0
00-0039814,Erick All,TE,CIN,25.95,0.9374999999999999,1.0312499999999998,7.406249999999999,0.0,0.0,0.0,1.6762499999999996,188
00-0039074,Davis Allen,TE,LA,25.56,1.344,1.9720000000000002,11.32,0.128,0.0,0.0,3.2460000000000004,0
00-0034753,Mark Andrews,TE,BAL,30.97,3.282,4.497999999999999,35.167,0.45999999999999996,1.4969999999999999,0.03,9.896,323
00-0041314,Tanner Arkin,TE,NE,23.14,0.0,0.0,0.0,0.0,0.0,0.0,0.0,0
00-0040739,Elijah Arroyo,TE,SEA,23.39,1.15,2.0,13.77,0.08,0.0,0.0,2.84,146
00-0039793,AJ Barner,TE,SEA,24.32,2.6625,3.4487499999999995,25.205,0.32,0.5125,0.0375,7.373749999999999,323
00-0040215,Gavin Bartholomew,TE,MIN,23.32,0.0,0.0,0.0,0.0,0.0,0.0,0.0,0
00-0039458,Brenden Bates,TE,CLE,26.86,0.5,1.0,6.0,0.0,0.0,0.0,1.1,0
00-0036628,John Bates,TE,WAS,28.8,0.99,1.4740000000000002,9.102,0.05,0.0,0.0,2.152,0
00-0039420,Jaheim Bell,TE,PIT,25.2,0.18749999999999997,0.28124999999999994,1.8749999999999998,0.0,0.0,0.0,0.37499999999999994,0
00-0038115,Daniel Bellinger,TE,TEN,25.93,1.439,1.826,17.768,0.075,0.0,0.0,3.675,0
00-0041133,Dallen Bentley,TE,DEN,25.65,0.0,0.0,0.0,0.0,0.0,0.0,0.0,0
00-0041576,Drew Biber,TE,CLE,23.89,0.0,0.0,0.0,0.0,0.0,0.0,0.0,0
00-0041503,Nate Boerkircher,TE,JAX,24.98,0.0,0.0,0.0,0.0,0.0,0.0,0.0,0
00-0039338,Brock Bowers,TE,LV,23.7,5.802499999999999,7.856249999999999,61.75874999999999,0.47124999999999995,0.39125,0.0,14.96875,5929
00-0039550,Shawn Bowman,TE,ARI,26.28,0.0,0.0,0.0,0.0,0.0,0.0,0.0,0
00-0041373,Jerand Bradley,TE,LAC,23.88,0.0,0.0,0.0,0.0,0.0,0.0,0.0,0
00-0040081,Jake Briningstool,TE,KC,23.71,0.0,0.0,0.0,0.0,0.0,0.0,0.0,0
00-0033439,Pharaoh Brown,TE,IND,32.31,0.6759999999999999,0.8320000000000001,5.832,0.018,0.0,0.0,1.2730000000000001,0
00-0036145,Lawrence Cager,TE,WAS,29.02,0.16000000000000003,0.2,1.4400000000000002,0.04000000000000001,0.0,0.0,0.544,0
00-0037086,Grant Calcaterra,TE,PHI,27.73,1.246,1.5859999999999999,12.780999999999999,0.076,0.0,0.0,2.9779999999999998,0
00-0035039,Stephen Carlson,TE,CHI,29.7,0.0,0.0,0.0,0.0,0.0,0.0,0.0,0
00-0039263,McCallan Castles,TE,GB,26.73,0.0,0.0,0.0,0.0,0.0,0.0,0.0,0
00-0034270,Tyler Conklin,TE,DET,31.08,2.26,3.2089999999999996,24.139,0.075,0.165,0.0,5.174,0
00-0041207,Ethan Conner,TE,MIA,23.4,0.0,0.0,0.0,0.0,0.0,0.0,0.0,0
00-0037348,Tanner Conner,TE,NYG,28.44,0.785,1.24,6.890000000000001,0.0,0.0,0.0,1.4749999999999999,0
00-0040887,Josh Cuevas,TE,BAL,23.92,0.0,0.0,0.0,0.0,0.0,0.0,0.0,0
00-0039754,Devin Culp,TE,TB,26.56,1.09375,1.2812499999999998,17.437499999999996,0.15625,0.0,0.0,3.775,0
00-0039316,Baylor Cupp,TE,ARI,26.29,0.0,0.37499999999999994,0.0,0.0,0.0,0.0,0.0,0
00-0041237,Chase Curtis,TE,NYJ,26.82,0.0,0.0,0.0,0.0,0.0,0.0,0.0,0
00-0040628,Drake Dabney,TE,GB,24.29,1.0,2.0,3.0,0.0,0.0,0.0,1.3,0
00-0036332,Josiah Deguara,TE,SF,29.53,0.522,0.662,3.544,0.07,0.0,0.0,1.306,0
00-0041041,Oscar Delp,TE,NO,23.06,0.0,0.0,0.0,0.0,0.0,0.0,0.0,109
00-0041357,Khalil Dinkins,TE,SF,24.24,0.0,0.0,0.0,0.0,0.0,0.0,0.0,0
00-0040566,CJ Dippre,TE,NE,24.33,0.0,0.0,0.0,0.0,0.0,0.0,0.0,0
00-0037252,Greg Dulcich,TE,MIA,26.42,2.12,3.135,23.21,0.055,-0.39,0.0,4.625,146
00-0039050,Payne Durham,TE,TB,26.2,0.64,1.009,6.938000000000001,0.075,0.0,0.0,1.783,0
00-0041116,Jack Endries,TE,CIN,22.42,0.0,0.0,0.0,0.0,0.0,0.0,0.0,0
00-0033881,Evan Engram,TE,DEN,31.98,4.468,6.19,37.903,0.111,0.22,0.0,8.907,88
00-0040187,Mitchell Evans,TE,CAR,23.27,1.36,1.79,12.21,0.14,0.07,0.0,3.44,0
00-0040046,Rivaldo Fairweather,TE,ARI,24.1,0.0,0.0,0.0,0.0,0.0,0.0,0.0,0
00-0040663,Harold Fannin Jr.,TE,CLE,22.1,4.5,6.69,45.69,0.38,0.81,0.06,11.65,0
00-0035644,Noah Fant,TE,NO,28.76,2.7649999999999997,3.52,27.308,0.136,0.0,0.0,6.081999999999999,13
00-0038735,Princeton Fant,TE,DAL,27.46,0.0,0.0,0.0,0.0,0.0,0.0,0.0,0
00-0036887,Luke Farrell,TE,SF,28.87,0.985,1.266,8.044,0.075,0.0,0.0,2.173,0
00-0038041,Jake Ferguson,TE,DAL,27.6,4.509,6.042,37.184,0.293,0.03,0.0,9.852,471
00-0040737,Terrance Ferguson,TE,LA,23.47,1.0,2.27,21.0,0.27,0.0,0.0,4.74,411
00-0040225,Thomas Fidone II,TE,NYG,23.93,0.0,0.0,0.0,0.0,0.0,0.0,0.0,0
00-0041252,Kenny Fletcher Jr.,TE,TB,22.73,0.0,0.0,0.0,0.0,0.0,0.0,0.0,0
00-0041566,Jeremiah Franklin,TE,MIA,22.96,0.0,0.0,0.0,0.0,0.0,0.0,0.0,0
00-0036825,Feleipe Franks,TE,CAR,28.68,0.033,0.099,0.399,0.0,0.2,0.0,0.092,0
00-0036894,Pat Freiermuth,TE,PIT,27.84,3.093,4.031000000000001,33.323,0.294,0.0,0.0,8.187,219
00-0040189,Oronde Gadsden II,TE,LAC,23.17,3.27,4.6,44.27,0.2,0.0,0.0,8.76,0
00-0040528,JJ Galbreath,TE,IND,25.06,0.0,0.0,0.0,0.0,0.0,0.0,0.0,0
00-0041366,Jameson Geers,TE,ARI,23.72,0.0,0.0,0.0,0.0,0.0,0.0,0.0,0
00-0034829,Mike Gesicki,TE,CIN,30.9,2.769,3.907,28.512,0.14700000000000002,0.0,0.0,6.468999999999999,44
00-0034351,Dallas Goedert,TE,PHI,31.64,4.102,5.481,43.038,0.46699999999999997,0.014000000000000002,0.0,11.225999999999999,288
00-0040697,Thomas Gordon,TE,DET,25.97,0.0,0.0,0.0,0.0,0.0,0.0,0.0,0
00-0039631,Cam Grandy,TE,CIN,26.77,1.09375,1.09375,4.8125,0.0,0.0,0.0,1.5749999999999997,0
00-0036876,Kylen Granson,TE,TEN,28.42,0.954,1.623,9.985000000000001,0.014000000000000002,0.026000000000000002,0.0,2.037,0
00-0036637,Noah Gray,TE,KC,27.32,1.85,2.75,18.36,0.11699999999999999,-0.063,0.0,4.391,18
00-0041016,Patrick Gurd,TE,LV,24.52,0.0,0.0,0.0,0.0,0.0,0.0,0.0,0
00-0040955,John Michael Gyllenborg,TE,KC,24.05,0.0,0.0,0.0,0.0,0.0,0.0,0.0,0
00-0041535,Louis Hansen,TE,HOU,24.65,0.0,0.0,0.0,0.0,0.0,0.0,0.0,0
00-0041327,Cody Hardy,TE,NO,22.79,0.0,0.0,0.0,0.0,0.0,0.0,0.0,0
00-0040194,Jackson Hawes,TE,BUF,25.72,1.23,1.46,14.38,0.23,0.0,0.0,4.05,0
00-0040584,Gunnar Helm,TE,TEN,23.97,2.75,3.44,22.31,0.12,0.0,0.0,5.73,159
00-0033090,Hunter Henry,TE,NE,31.72,3.647,5.316,41.672,0.33299999999999996,0.0,0.0,9.831,251
00-0040331,Patrick Herbert,TE,JAX,25.85,0.0,0.0,0.0,0.0,0.0,0.0,0.0,0
00-0040879,Matthew Hibner,TE,BAL,24.47,0.0,0.0,0.0,0.0,0.0,0.0,0.0,0
00-0033110,Tyler Higbee,TE,LA,33.65,2.677,3.934,27.25,0.377,0.0,0.0,7.662,10
00-0039041,Elijah Higgins,TE,ARI,25.83,1.533,1.9160000000000001,15.260000000000002,0.057,0.0,0.0,3.354,0
00-0038720,Julian Hill,TE,NE,26.13,1.058,1.4980000000000002,9.467,0.0,0.0,0.0,2.057,0
00-0035229,T.J. Hockenson,TE,MIN,29.15,4.196,5.7540000000000004,41.05,0.166,0.0,0.0,9.275,215
00-0032392,Austin Hooper,TE,ATL,31.83,1.917,2.429,21.439,0.129,0.0,0.0,4.802999999999999,0
00-0040387,Zach Horton,TE,DET,23.73,0.0,0.0,0.0,0.0,0.0,0.0,0.0,0
00-0034613,Tanner Hudson,TE,CIN,31.79,2.2329999999999997,2.802,19.399,0.14900000000000002,0.033,0.0,5.01,0
00-0041577,Connor Hulstein,TE,NYJ,24.56,0.0,0.0,0.0,0.0,0.0,0.0,0.0,0
00-0039843,Qadir Ismail,TE,CHI,26.52,0.0,0.0,0.0,0.0,0.0,0.0,0.0,0
00-0038498,E.J. Jenkins,TE,PHI,27.81,0.15,0.3,1.05,0.15,0.0,0.0,1.155,0
00-0036040,Juwan Johnson,TE,NO,29.95,3.834,5.228,42.766,0.212,0.0,0.0,9.251,259
00-0039847,Theo Johnson,TE,NYG,25.5,2.8649999999999998,4.547499999999999,33.28375,0.24000000000000002,0.0,0.0,7.646249999999998,105
00-0041077,Justin Joly,TE,DEN,22.13,0.0,0.0,0.0,0.0,0.0,0.0,0.0,76
00-0041403,Rohan Jones,TE,LA,24.88,0.0,0.0,0.0,0.0,0.0,0.0,0.0,0
00-0036556,Brevin Jordan,TE,HOU,26.11,0.64,0.87,5.43,0.04000000000000001,0.0,0.0,1.423,0
00-0041524,Will Kacmarek,TE,MIA,23.54,0.0,0.0,0.0,0.0,0.0,0.0,0.0,0
00-0037031,Nikola Kalinic,TE,CHI,29.59,0.0,0.0,0.0,0.0,0.0,0.0,0.0,0
00-0040058,Nick Kallerup,TE,SEA,25.42,0.0,0.25,0.0,0.0,0.0,0.0,0.0,0
00-0040901,Jaren Kanak,TE,TEN,22.54,0.0,0.0,0.0,0.0,0.0,0.0,0.0,0
00-0041246,Josh Kattus,TE,CIN,22.47,0.0,0.0,0.0,0.0,0.0,0.0,0.0,0
00-0030506,Travis Kelce,TE,KC,36.89,5.293,7.282,53.582,0.268,0.048,0.0,12.269,375
00-0037311,Ko Kieft,TE,TB,28.6,0.020000000000000004,0.1,0.04000000000000001,0.020000000000000004,0.0,0.0,0.144,0
00-0038933,Dalton Kincaid,TE,BUF,26.86,3.551,4.909,42.54,0.279,0.0,0.0,9.458,576
00-0033288,George Kittle,TE,SF,32.88,4.962,6.14,63.414,0.555,-0.11100000000000002,0.0,14.611,681
00-0041510,Max Klare,TE,LA,23.14,0.0,0.0,0.0,0.0,0.0,0.0,0.0,207
00-0041472,Marlin Klein,TE,HOU,23.94,0.0,0.0,0.0,0.0,0.0,0.0,0.0,0
00-0036290,Cole Kmet,TE,CHI,27.46,2.734,3.656,28.719,0.21100000000000002,0.024,0.0,6.9830000000000005,139
00-0035689,Dawson Knox,TE,BUF,29.78,2.036,2.958,23.413,0.186,0.0,0.0,5.598,15
00-0038046,Charlie Kolar,TE,LAC,27.54,0.811,1.105,11.324,0.127,0.06,0.0,2.721,0
00-0041084,Tanner Koziol,TE,JAX,22.58,0.0,0.0,0.0,0.0,0.0,0.0,0.0,0
00-0038996,Tucker Kraft,TE,GB,25.81,3.324,4.558,48.108999999999995,0.526,0.295,0.0,11.329999999999998,1502
00-0037539,Lucas Krull,TE,DEN,28.13,1.298,2.09,11.024000000000001,0.028000000000000004,0.0,0.0,2.5730000000000004,0
00-0038406,Zack Kuntz,TE,DAL,27.21,0.0,0.0,0.0,0.0,0.0,0.0,0.0,0
00-0039065,Sam LaPorta,TE,DET,25.62,4.357,5.689,51.237,0.41500000000000004,0.048,0.0,12.029,1470
00-0040060,Marshall Lang,TE,MIN,24.86,0.0,0.0,0.0,0.0,0.0,0.0,0.0,0
00-0041170,Hayden Large,TE,CHI,24.42,0.0,0.0,0.0,0.0,0.0,0.0,0.0,0
00-0038564,Cameron Latu,TE,PHI,26.5,0.0,0.0,0.0,0.0,0.0,0.0,0.0,0
00-0040363,Keleki Latu,TE,BUF,24.04,1.33,1.33,11.67,0.0,0.0,0.0,2.5,0
LAU726757,Matt Lauter,TE,MIN,23.93,0.0,0.0,0.0,0.0,0.0,0.0,0.0,0
00-0037838,Isaiah Likely,TE,NYG,26.36,2.393,3.233,28.201999999999998,0.23199999999999998,0.0,0.0,6.489,644
00-0040240,Caleb Lohner,TE,DEN,24.9,0.0,0.0,0.0,0.0,0.0,0.0,0.0,0
00-0037004,Hunter Long,TE,JAX,28.02,1.047,1.461,7.705,0.145,0.0,0.0,2.839,0
00-0040126,Colston Loveland,TE,CHI,22.38,3.62,5.12,44.56,0.38,-0.12,0.0,10.32,3252
00-0038394,Will Mallory,TE,IND,27.18,0.999,1.314,13.006,0.0,0.0,0.0,2.301,0
00-0031484,Chris Manhertz,TE,NYG,34.38,0.297,0.514,2.458,0.036,0.0,0.0,0.7669999999999999,0
00-0039648,David Martin-Robinson,TE,TEN,26.67,0.31875,0.53125,2.26875,0.056249999999999994,0.0,0.0,0.8875,0
00-0040974,Lance Mason,TE,PIT,22.94,0.0,0.0,0.0,0.0,0.0,0.0,0.0,0
00-0040244,Moliki Matavao,TE,NO,23.44,2.0,2.0,10.0,0.0,0.0,0.0,3.0,0
00-0039066,Michael Mayer,TE,LV,25.14,2.334,3.414,21.545,0.07,0.0,0.0,4.936999999999999,95
00-0037744,Trey McBride,TE,ARI,26.76,6.739,8.975,67.632,0.397,0.036,0.018,15.998,4892
00-0036032,Sean McKeon,TE,IND,28.66,0.0,0.05,0.0,0.0,0.0,0.0,0.0,0
00-0037011,Tre' McKitty,TE,WAS,27.62,0.0,0.0,0.0,0.0,0.0,0.0,0.0,0
00-0039399,Tanner McLachlan,TE,SF,27.45,0.0,0.0,0.0,0.0,0.0,0.0,0.0,0
00-0041263,Lake McRee,TE,PIT,23.98,0.0,0.0,0.0,0.0,0.0,0.0,0.0,0
00-0041264,Chamon Metayer,TE,CAR,23.73,0.0,0.0,0.0,0.0,0.0,0.0,0.0,0
00-0037282,James Mitchell,TE,CAR,27.04,0.95,0.95,9.8,0.0,0.0,0.0,1.93,0
00-0037340,Zaire Mitchell-Paden,TE,NO,27.02,0.335,0.5,2.835,0.0,0.0,0.0,0.615,0
00-0041180,Quentin Moore,TE,WAS,26.0,0.0,0.0,0.0,0.0,0.0,0.0,0.0,0
00-0041570,Tyler Moore,TE,IND,0.0,0.0,0.0,0.0,0.0,0.0,0.0,0.0,0
00-0034981,Foster Moreau,TE,HOU,29.31,1.424,1.906,14.928,0.109,0.0,0.0,3.5700000000000003,0
00-0036590,Quintin Morris,TE,JAX,27.6,0.625,0.95,6.18,0.175,0.0,0.0,2.293,0
00-0033246,Johnny Mundt,TE,PHI,31.76,1.123,1.829,11.107,0.062000000000000006,0.0,0.0,2.613,0
00-0037317,Nick Muse,TE,ATL,27.75,0.2,0.2,4.4,0.0,0.0,0.0,0.6400000000000001,0
00-0039144,Luke Musgrave,TE,GB,25.98,1.843,2.455,18.019,0.018,0.0,0.0,3.75,52
00-0035345,Chris Myarick,TE,LV,30.89,0.0,0.0,0.0,0.0,0.0,0.0,0.0,0
00-0040504,Bryson Nesbit,TE,MIN,23.92,0.0,0.0,0.0,0.0,0.0,0.0,0.0,0
00-0033885,David Njoku,TE,LAC,30.13,4.258,6.364000000000001,38.117,0.391,0.0,0.0,10.489,122
00-0037292,Andrew Ogletree,TE,IND,28.08,0.569,1.008,6.621,0.105,0.0,0.0,1.873,0
00-0037809,Chig Okonkwo,TE,WAS,26.97,3.2560000000000002,4.545,31.663999999999998,0.10799999999999998,0.388,0.0,7.109,301
00-0036423,Albert Okwuegbunam,TE,LV,28.34,2.5,3.2,18.0,0.0,0.0,0.0,4.3,0
00-0035249,Josh Oliver,TE,MIN,29.43,1.512,1.919,16.391,0.27,0.0,0.0,4.754,0
00-0038129,Cade Otton,TE,TB,27.37,3.7800000000000002,5.351,37.275,0.16999999999999998,-0.087,0.0,8.481,145
00-0036244,Colby Parkinson,TE,LA,27.63,2.433,3.372,23.378,0.32899999999999996,0.0,0.0,6.683999999999999,116
00-0041452,Johnny Pascuzzi,TE,LAC,24.28,0.0,0.0,0.0,0.0,0.0,0.0,0.0,0
00-0040986,Ty Pezza,TE,BAL,23.94,0.0,0.0,0.0,0.0,0.0,0.0,0.0,0
00-0036970,Kyle Pitts,TE,ATL,25.89,4.042,5.833,45.766000000000005,0.253,-0.048,0.0,10.132,1230
00-0039702,Mason Pline,TE,KC,26.55,0.0,0.0,0.0,0.0,0.0,0.0,0.0,0
00-0040392,Caden Prieskorn,TE,CAR,26.93,0.0,0.0,0.0,0.0,0.0,0.0,0.0,0
00-0040792,Layne Pryor,TE,HOU,23.71,0.0,0.0,0.0,0.0,0.0,0.0,0.0,0
00-0037277,Teagan Quitoriano,TE,ARI,26.45,0.134,0.2,2.2,0.0,0.0,0.0,0.35400000000000004,0
00-0041395,Eli Raridon,TE,NE,22.54,0.0,0.0,0.0,0.0,0.0,0.0,0.0,223
00-0040598,Mark Redman,TE,LA,24.6,0.0,0.0,0.0,0.0,0.0,0.0,0.0,0
00-0039737,Tip Reiman,TE,ARI,24.94,0.90625,1.3737499999999998,5.4825,0.0,0.0,0.0,1.4537499999999999,0
00-0040938,DJ Rogers,TE,DAL,24.79,0.0,0.0,0.0,0.0,0.0,0.0,0.0,0
00-0041558,Sam Roush,TE,CHI,22.97,0.0,0.0,0.0,0.0,0.0,0.0,0.0,0
00-0041087,Joe Royer,TE,CLE,24.5,0.0,0.0,0.0,0.0,0.0,0.0,0.0,0
00-0039489,Hayden Rucci,TE,SF,25.58,0.0,0.0,0.0,0.0,0.0,0.0,0.0,0
00-0037805,Jeremy Ruckert,TE,NYJ,26.04,1.5270000000000001,2.075,11.665,0.035,0.0,0.0,2.909,0
00-0040488,Carter Runyon,TE,LV,25.09,0.33,0.33,1.0,0.0,0.0,0.0,0.43,0
00-0041131,Carsen Ryan,TE,CLE,23.01,0.0,0.0,0.0,0.0,0.0,0.0,0.0,0
00-0041032,Kenyon Sadiq,TE,NYJ,21.48,0.0,0.0,0.0,0.0,0.0,0.0,0.0,977
00-0035631,Drew Sample,TE,CIN,30.36,1.485,1.821,9.716000000000001,0.095,0.017,0.0,3.044,0
00-0039356,Ja'Tavion Sanders,TE,CAR,23.42,2.3375,2.8449999999999998,18.44375,0.07625,0.0,0.0,4.6425,64
00-0033576,Eric Saubert,TE,SEA,32.3,0.6960000000000001,0.9410000000000001,4.944,0.024,0.0,0.0,1.454,0
00-0038547,Luke Schoonmaker,TE,DAL,27.91,1.309,1.9699999999999998,11.822999999999999,0.058,0.0,0.0,2.84,0
00-0034383,Dalton Schultz,TE,HOU,30.13,4.132,5.7940000000000005,40.708,0.192,0.0,0.0,9.315999999999999,162
00-0041094,Bauer Sharp,TE,TB,23.32,0.0,0.0,0.0,0.0,0.0,0.0,0.0,0
00-0038590,Justin Shorter,TE,LV,26.36,0.0,0.0,0.0,0.0,0.0,0.0,0.0,0
00-0040552,Joshua Simon,TE,ATL,25.74,0.0,0.0,0.0,0.0,0.0,0.0,0.0,0
00-0038809,Ben Sims,TE,MIA,26.28,0.9339999999999999,1.575,8.85,0.034,0.0,0.0,2.019,0
00-0039912,Ben Sinnott,TE,WAS,24.2,1.0287499999999998,1.1662499999999998,9.41875,0.12125,0.0,0.0,2.71375,41
00-0037475,Stone Smartt,TE,PHI,27.89,1.303,1.733,13.852,0.016,0.0,0.0,2.718,0
00-0034798,Durham Smythe,TE,BAL,31.05,1.0150000000000001,1.455,8.552,0.0,0.0,0.0,1.8730000000000002,0
00-0039530,Brevyn Spann-Ford,TE,DAL,26.66,0.6575,0.9825,6.512499999999999,0.0375,0.0,0.0,1.545,0
00-0036741,Jack Stoll,TE,CLE,28.58,0.621,1.056,4.421,0.055,0.0,0.0,1.3940000000000001,0
00-0039359,Cade Stover,TE,HOU,26.2,1.6512499999999999,2.2575,11.48125,0.02625,0.3125,0.0,2.9937499999999995,0
00-0041483,Eli Stowers,TE,PHI,23.37,0.0,0.0,0.0,0.0,0.0,0.0,0.0,611
00-0038935,Brenton Strange,TE,JAX,25.66,2.915,3.895,32.308,0.195,0.0,0.0,7.282,272
00-0041384,Evan Svoboda,TE,LAC,23.41,0.0,0.0,0.0,0.0,0.0,0.0,0.0,0
00-0039275,Messiah Swinson,TE,GB,26.35,0.0,0.0,0.0,0.0,0.0,0.0,0.0,0
00-0040736,Mason Taylor,TE,NYJ,22.3,3.38,5.0,28.38,0.08,0.0,0.0,6.84,111
00-0040457,Jermaine Terry,TE,CLE,23.31,0.0,0.0,0.0,0.0,0.0,0.0,0.0,0
00-0034365,Ian Thomas,TE,LV,30.22,1.144,1.544,8.434000000000001,0.0,0.0,0.0,1.99,0
00-0037112,Jake Tonges,TE,SF,27.14,1.7,2.3,14.65,0.25,0.0,0.0,4.665,121
00-0033757,Robert Tonyan,TE,PIT,32.32,0.43400000000000005,0.534,2.116,0.0,0.0,0.0,0.645,0
00-0040853,Carson Towt,TE,IND,25.24,0.0,0.0,0.0,0.0,0.0,0.0,0.0,0
00-0041579,Seydou Traore,TE,MIA,24.04,0.0,0.0,0.0,0.0,0.0,0.0,0.0,0
00-0036422,Adam Trautman,TE,DEN,29.55,1.346,1.83,14.388000000000002,0.123,0.0,0.0,3.517,0
00-0037005,Tommy Tremble,TE,CAR,26.23,1.896,2.621,17.906,0.165,0.0,0.0,4.628,0
00-0040939,Michael Trigg,TE,DAL,24.16,0.0,0.0,0.0,0.0,0.0,0.0,0.0,96
00-0037078,Cole Turner,TE,MIA,26.45,0.27599999999999997,0.376,3.0,0.0,0.0,0.0,0.576,0
00-0040702,Mitch Van Vooren,TE,DAL,25.62,0.0,0.0,0.0,0.0,0.0,0.0,0.0,0
00-0032394,Nick Vannett,TE,SEA,33.47,0.626,0.7010000000000001,3.975,0.075,0.0,0.0,1.472,0
00-0041195,Jack Velling,TE,ATL,22.83,0.0,0.0,0.0,0.0,0.0,0.0,0.0,0
00-0041422,Dan Villari,TE,LA,24.16,0.0,0.0,0.0,0.0,0.0,0.0,0.0,0
00-0031610,Darren Waller,TE,CAR,33.95,2.201,3.1239999999999997,24.92,0.35100000000000003,0.22,0.0,6.816,64
00-0040128,Tyler Warren,TE,IND,24.26,4.47,6.59,48.06,0.24,0.47,0.06,11.09,2952
00-0038558,Darnell Washington,TE,PIT,25.02,1.8039999999999998,2.481,20.137999999999998,0.064,0.0,0.0,4.191000000000001,58
00-0040094,Tre Watson,TE,KC,23.87,0.0,0.0,0.0,0.0,0.0,0.0,0.0,0
00-0039518,Treyton Welch,TE,NO,25.62,0.0,0.0,0.0,0.0,0.0,0.0,0.0,0
00-0039305,Jack Westover,TE,NE,27.21,0.15625,0.3125,0.0,0.0,0.0,0.0,0.15625,0
00-0038710,Blake Whiteheart,TE,CLE,26.43,0.368,0.722,2.407,0.042,0.0,0.0,0.867,0
00-0038589,Josh Whyle,TE,GB,26.97,1.176,1.5750000000000002,10.047,0.128,0.0,0.0,2.972,0
00-0039824,Jared Wiley,TE,KC,25.81,0.6875,0.6875,3.8749999999999996,0.0,0.0,0.0,1.0749999999999997,0
00-0038643,Brayden Willis,TE,SF,26.79,0.0,0.20500000000000002,0.0,0.0,0.0,0.0,0.0,0
00-0039023,Joel Wilson,TE,TEN,26.18,0.0,0.0,0.0,0.0,0.0,0.0,0.0,0
00-0036429,Charlie Woerner,TE,ATL,28.86,0.8039999999999999,1.005,5.219,0.0,0.0,0.0,1.33,0
00-0037755,Jelani Woods,TE,NYJ,27.88,0.25,0.75,1.0,0.0,0.0,0.0,0.35,0
00-0036754,Brock Wright,TE,DET,27.75,1.517,2.122,11.498999999999999,0.201,0.0,0.0,3.878,0
00-0040927,Dae'Quan Wright,TE,CLE,22.93,0.0,0.0,0.0,0.0,0.0,0.0,0.0,0
00-0039686,Colson Yankoff,TE,WAS,26.49,0.125,0.1875,1.125,0.0,0.0,0.0,0.2375,0
00-0039936,Thomas Yassmin,TE,GB,26.85,0.0,0.0,0.0,0.0,0.0,0.0,0.0,0
00-0036510,Kenny Yeboah,TE,ARI,27.82,0.347,0.608,3.879,0.042,0.0,0.0,0.9920000000000001,0
00-0040509,Ben Yurosek,TE,MIN,24.44,0.33,0.5,2.33,0.0,0.0,0.0,0.57,0
00-0036534,Shane Zylstra,TE,BUF,29.77,1.65,2.65,13.3,0.0,0.0,0.0,2.98,0
