gsis_id,name,position,team,age,receptions_per_game,targets_per_game,receiving_yards_per_game,receiving_tds_per_game,rushing_yards_per_game,rushing_tds_per_game,points_per_game
00-0031381,Davante Adams,WR,LA,33.67,5.178,9.149000000000001,64.417,0.765,0.0,0.0,16.253999999999998
00-0038994,Jordan Addison,WR,MIN,24.58,3.584,6.069999999999999,50.002,0.40299999999999997,3.318,0.05600000000000001,11.68
00-0036261,Brandon Aiyuk,WR,SF,28.44,2.0090000000000003,3.325,32.805,0.08800000000000001,0.0,0.0,5.789
00-0037708,Maurice Alexander,WR,CHI,29.62,0.0,0.0,0.0,0.0,0.0,0.0,0.0
00-0040890,Cyrus Allen,WR,KC,23.54,0.0,0.0,0.0,0.0,0.0,0.0,0.0
00-0030279,Keenan Allen,WR,IND,34.33,5.443,8.318999999999999,56.859,0.369,0.09200000000000001,0.0,13.352
00-0041185,Vinny Anthony II,WR,ATL,23.16,0.0,0.0,0.0,0.0,0.0,0.0,0.0
00-0040298,Andrew Armstrong,WR,KC,25.82,0.0,0.0,0.0,0.0,0.0,0.0,0.0
00-0036849,Tutu Atwell,WR,MIA,26.88,1.7730000000000001,3.137,30.141,0.10200000000000001,0.583,0.0,5.5329999999999995
00-0037837,Calvin Austin III,WR,NYG,27.42,1.953,3.364,25.207,0.189,0.7120000000000001,0.012,5.871
00-0037231,Kevin Austin Jr.,WR,NO,26.4,1.714,3.125,19.664,0.1,0.336,0.0,4.314
00-0040170,Elic Ayomanor,WR,TEN,23.23,2.56,5.56,32.19,0.25,0.0,0.0,7.28
00-0035602,Alex Bachman,WR,LA,30.24,0.27,0.315,2.405,0.0,0.0,0.0,0.511
00-0036959,Michael Bandy,WR,DEN,28.72,0.5,0.5,6.25,0.125,0.0,0.0,1.875
00-0036550,Rashod Bateman,WR,BAL,26.74,1.9989999999999999,3.556,27.683999999999997,0.257,0.24,0.0,6.423
00-0040912,Hank Beatty,WR,TEN,22.93,0.0,0.0,0.0,0.0,0.0,0.0,0.0
00-0040729,Jack Bech,WR,LV,23.69,1.43,2.07,16.0,0.0,0.0,0.0,3.03
00-0031235,Odell Beckham Jr.,WR,NYG,33.8,0.8360000000000001,1.589,10.136000000000001,0.042,0.0,0.0,2.079
00-0041525,Chris Bell,WR,MIA,22.22,0.0,0.0,0.0,0.0,0.0,0.0,0.0
00-0041342,Dillon Bell,WR,MIN,22.8,0.0,0.0,0.0,0.0,0.0,0.0,0.0
00-0038647,Ronnie Bell,WR,NO,26.57,0.742,1.65,8.446,0.296,0.0,0.0,3.3640000000000003
00-0041443,Skyler Bell,WR,BUF,24.14,0.0,0.0,0.0,0.0,0.0,0.0,0.0
00-0040894,Malik Benson,WR,LV,23.86,0.0,0.0,0.0,0.0,0.0,0.0,0.0
00-0040247,Junior Bergen,WR,NYJ,23.84,0.0,0.0,0.0,0.0,0.0,0.0,0.0
00-0041489,Germie Bernard,WR,PIT,22.73,0.0,0.0,0.0,0.0,0.0,0.0,0.0
00-0034419,Braxton Berrios,WR,NYG,30.89,1.088,1.613,7.601000000000001,0.012,0.13799999999999998,0.0,1.9340000000000002
00-0036491,Tarik Black,WR,DET,28.54,0.0,0.0,0.0,0.0,0.0,0.0,0.0
00-0036463,Chris Blair,WR,ATL,28.88,0.15,0.3,2.55,0.0,0.0,0.0,0.405
00-0038752,Jake Bobo,WR,SEA,28.06,0.796,0.984,7.476,0.052000000000000005,0.042,0.014000000000000002,1.956
00-0040782,Isaiah Bond,WR,CLE,22.45,1.2,2.93,22.53,0.0,1.93,0.0,3.65
00-0041467,Lewis Bond,WR,HOU,23.24,0.0,0.0,0.0,0.0,0.0,0.0,0.0
00-0041037,Denzel Boston,WR,CLE,22.72,0.0,0.0,0.0,0.0,0.0,0.0,0.0
00-0033307,Kendrick Bourne,WR,ARI,31.06,2.943,4.2219999999999995,37.456,0.124,0.25,0.0,7.416
00-0038608,Kayshon Boutte,WR,NE,24.3,2.175,3.4699999999999998,32.727000000000004,0.275,0.0,0.0,7.129
00-0041205,Brady Boyd,WR,JAX,24.22,0.0,0.0,0.0,0.0,0.0,0.0,0.0
00-0041176,Jaden Bradley,WR,WAS,23.42,0.0,0.0,0.0,0.0,0.0,0.0,0.0
00-0040977,Cortez Braham,WR,BAL,26.47,0.0,0.0,0.0,0.0,0.0,0.0,0.0
00-0041044,Zachariah Branch,WR,ATL,22.41,0.0,0.0,0.0,0.0,0.0,0.0,0.0
00-0040323,Chandler Brayboy,WR,JAX,25.01,0.0,0.0,0.0,0.0,0.0,0.0,0.0
00-0041047,Chris Brazzell II,WR,CAR,22.84,0.0,0.0,0.0,0.0,0.0,0.0,0.0
00-0040970,Michael Briscoe,WR,MIN,24.09,0.0,0.0,0.0,0.0,0.0,0.0,0.0
00-0041187,Le'Meke Brockington,WR,ATL,24.88,0.0,0.0,0.0,0.0,0.0,0.0,0.0
00-0038640,Jalen Brooks,WR,ARI,26.3,1.0,1.75,13.791,0.024,0.0,0.0,2.5300000000000002
00-0035676,A.J. Brown,WR,NE,29.15,5.393000000000001,8.131,75.465,0.479,0.0,0.0,15.756999999999998
00-0041099,Barion Brown,WR,NO,22.7,0.0,0.0,0.0,0.0,0.0,0.0,0.0
00-0040930,Camden Brown,WR,DAL,22.3,0.0,0.0,0.0,0.0,0.0,0.0,0.0
00-0036626,Dyami Brown,WR,WAS,26.82,1.6600000000000001,2.769,18.579,0.078,1.884,0.0,4.045
00-0035662,Marquise Brown,WR,PHI,29.22,3.6639999999999997,6.114000000000001,40.825,0.217,0.35400000000000004,0.0,9.092
00-0033591,Noah Brown,WR,LV,30.63,2.239,3.877,34.069,0.067,-0.020000000000000004,0.0,6.052
00-0041374,Sincere Brown,WR,LAC,24.71,0.0,0.0,0.0,0.0,0.0,0.0,0.0
00-0038492,Jason Brownlee,WR,KC,27.57,0.25,0.5650000000000001,2.8000000000000003,0.05,0.0,0.0,0.8300000000000001
00-0040134,Pat Bryant,WR,DEN,23.71,2.38,3.77,29.08,0.08,0.0,0.0,5.75
00-0040735,Luther Burden III,WR,CHI,22.7,3.13,4.0,43.47,0.13,2.47,0.0,8.53
00-0039626,Cole Burgess,WR,PIT,26.54,0.0,0.0,0.0,0.0,0.0,0.0,0.0
00-0041132,Deion Burks,WR,IND,23.63,0.0,0.0,0.0,0.0,0.0,0.0,0.0
00-0037742,Treylon Burks,WR,WAS,26.42,1.221,2.521,15.077,0.06,0.46,0.0,3.146
00-0035529,Hakeem Butler,WR,DEN,30.28,0.0,0.0,0.0,0.0,0.0,0.0,0.0
00-0040953,Jeff Caldwell,WR,KC,23.48,0.0,0.0,0.0,0.0,0.0,0.0,0.0
00-0040431,Dalen Cambre,WR,NYG,25.37,0.0,0.0,0.0,0.0,0.0,0.0,0.0
00-0041100,Josh Cameron,WR,JAX,23.44,0.0,0.0,0.0,0.0,0.0,0.0,0.0
00-0040629,Dalevon Campbell,WR,LAC,24.72,0.0,0.0,0.0,0.0,0.0,0.0,0.0
00-0040324,Cam Camper,WR,NYJ,25.01,0.0,0.0,0.0,0.0,0.0,0.0,0.0
00-0037156,Irvin Charles,WR,SEA,29.37,0.0,0.07,0.0,0.0,0.0,0.0,0.0
00-0036900,Ja'Marr Chase,WR,CIN,26.48,7.395999999999999,10.679,89.46600000000001,0.638,0.9279999999999999,0.0,20.197000000000003
00-0035976,Dan Chisena,WR,CAR,29.5,0.22499999999999998,0.3,2.775,0.0,0.0,0.0,0.504
00-0040563,Efton Chism III,WR,NE,24.83,0.38,0.38,9.38,0.12,0.0,0.0,2.06
00-0041571,Liam Clifford,WR,LAC,0.0,0.0,0.0,0.0,0.0,0.0,0.0,0.0
00-0039491,Jalen Coker,WR,CAR,24.82,2.9662499999999996,4.0112499999999995,38.68125,0.23625000000000002,0.0,0.0,8.29125
00-0039901,Keon Coleman,WR,BUF,23.27,2.8175,4.717499999999999,37.0825,0.3225,0.2587499999999999,0.0,8.548749999999998
00-0041529,Kevin Coleman Jr.,WR,MIA,22.96,0.0,0.0,0.0,0.0,0.0,0.0,0.0
00-0040432,Beaux Collins,WR,ATL,23.69,0.5,1.5,6.25,0.0,0.0,0.0,1.12
00-0036554,Nico Collins,WR,HOU,27.44,5.132,7.929,79.678,0.48,0.594,0.035,16.277
00-0041547,KC Concepcion,WR,CLE,21.92,0.0,0.0,0.0,0.0,0.0,0.0,0.0
00-0038667,Elijah Cooks,WR,CAR,27.87,0.15000000000000002,0.2,1.9000000000000001,0.0,0.0,0.0,0.34
00-0040024,Darius Cooper,WR,PHI,24.76,1.5,1.83,15.33,0.0,0.0,0.0,3.03
00-0041511,Omar Cooper Jr.,WR,NYJ,22.7,0.0,0.0,0.0,0.0,0.0,0.0,0.0
00-0039920,Malachi Corley,WR,CLE,24.43,0.8,1.18125,5.3125,0.0,8.5625,0.0,2.03375
00-0037132,Britain Covey,WR,PHI,29.44,0.639,0.895,4.265000000000001,0.0,0.0,0.0,1.069
00-0039365,Jacob Cowing,WR,SF,25.55,0.10124999999999999,0.15,1.9987499999999998,0.0,0.17624999999999996,0.0,0.3187499999999999
00-0034054,River Cracraft,WR,WAS,31.81,0.72,0.9400000000000001,7.994,0.034,0.0,0.0,1.72
00-0038911,Malik Cunningham,WR,DET,27.89,0.0,0.0,0.0,0.0,0.5,0.0,0.05
00-0040086,Mac Dalena,WR,BUF,24.89,0.0,0.0,0.0,0.0,0.0,0.0,0.0
00-0041399,CJ Daniels,WR,LA,24.64,0.0,0.0,0.0,0.0,0.0,0.0,0.0
00-0038573,Derius Davis,WR,LAC,25.95,0.527,0.6739999999999999,3.4719999999999995,0.039,2.193,0.0,1.405
00-0040443,Joaquin Davis,WR,PIT,24.02,0.0,0.0,0.0,0.0,0.0,0.0,0.0
00-0037380,Kaden Davis,WR,CHI,27.92,0.0,0.0,0.0,0.0,0.0,0.0,0.0
00-0041481,Terrill Davis,WR,MIN,23.04,0.0,0.0,0.0,0.0,0.0,0.0,0.0
00-0040967,Jacob De Jesus,WR,KC,24.45,0.0,0.0,0.0,0.0,0.0,0.0,0.0
00-0041317,Nick DeGennaro,WR,NE,25.65,0.0,0.0,0.0,0.0,0.0,0.0,0.0
00-0038977,Tank Dell,WR,HOU,26.82,2.032,3.237,28.472,0.20299999999999999,1.9409999999999998,0.0,6.300000000000001
00-0031588,Stefon Diggs,WR,WAS,32.74,5.522,7.282,62.313,0.32799999999999996,0.358,0.036,13.979
00-0040705,Chimere Dike,WR,TEN,24.7,2.82,4.35,24.88,0.24,1.06,0.0,7.54
00-0041318,Kyle Dixon,WR,NE,25.94,0.0,0.0,0.0,0.0,0.0,0.0,0.0
00-0041319,Cameron Dorner,WR,NE,22.55,0.0,0.0,0.0,0.0,0.0,0.0,0.0
00-0032208,Phillip Dorsett,WR,LV,33.64,0.0,0.30000000000000004,0.0,0.0,0.0,0.0,0.0
00-0035500,Greg Dortch,WR,DET,28.24,2.164,2.769,18.121000000000002,0.203,1.233,0.04,5.529
00-0037741,Jahan Dotson,WR,ATL,26.43,1.584,2.884,19.458,0.083,0.279,0.0,4.04
00-0037816,Romeo Doubs,WR,NE,26.37,3.476,5.447,44.424,0.377,0.0,0.0,10.27
00-0041523,Caleb Douglas,WR,MIA,22.96,0.0,0.0,0.0,0.0,0.0,0.0,0.0
00-0038621,DeMario Douglas,WR,NE,25.71,2.906,4.2,33.627,0.152,1.5410000000000001,0.0,7.296
00-0038997,Josh Downs,WR,IND,25.04,4.152,6.194,43.968,0.257,0.198,0.0,10.106
00-0038953,Dylan Drummond,WR,ATL,26.6,0.585,0.915,3.5,0.0,0.0,0.0,0.935
00-0035021,Ashton Dulin,WR,IND,29.28,0.255,0.601,5.96,0.024,2.873,0.0,1.279
00-0041536,Kyre Duplessis,WR,DEN,24.1,0.0,0.0,0.0,0.0,0.0,0.0,0.0
00-0036331,Devin Duvernay,WR,ARI,28.95,0.377,0.652,2.8649999999999998,0.0,0.299,0.0,0.6910000000000001
00-0040609,Tru Edwards,WR,LA,25.21,0.0,0.0,0.0,0.0,0.0,0.0,0.0
00-0040129,Emeka Egbuka,WR,TB,23.86,3.71,7.47,55.18,0.35,0.53,0.0,11.51
00-0031408,Mike Evans,WR,SF,33.01,4.392,7.833,59.277,0.579,0.0,0.0,13.775
00-0040954,Omari Evans,WR,KC,22.65,0.0,0.0,0.0,0.0,0.0,0.0,0.0
00-0038092,Erik Ezukanma,WR,PHI,26.58,0.0,0.7,0.0,0.0,2.2,0.0,0.22000000000000003
00-0036646,Simi Fehoko,WR,ARI,28.8,0.39999999999999997,1.001,6.2010000000000005,0.1,0.0,0.0,1.621
00-0040154,Tai Felton,WR,MIN,23.45,0.25,0.25,2.08,0.0,0.0,0.0,0.46
00-0041042,Malachi Fields,WR,NYG,23.0,0.0,0.0,0.0,0.0,0.0,0.0,0.0
00-0040498,Dontae Fleming,WR,MIN,24.74,0.0,0.0,0.0,0.0,0.0,0.0,0.0
00-0040617,Luke Floriea,WR,CLE,24.84,0.0,0.0,0.0,0.0,0.0,0.0,0.0
00-0039410,Ryan Flournoy,WR,DAL,26.83,2.085,2.91625,24.042500000000004,0.16875,1.04375,0.0,5.5075
00-0039064,Zay Flowers,WR,BAL,25.95,4.797,6.866,65.03099999999999,0.27899999999999997,3.512,0.041999999999999996,13.431000000000001
00-0040621,Montorie Foster Jr,WR,SEA,25.06,0.0,0.0,0.0,0.0,0.0,0.0,0.0
00-0039868,Troy Franklin,WR,DEN,23.55,3.0437499999999997,5.06625,32.23375,0.26375,0.63125,0.0,8.08375
00-0038496,Xavier Gipson,WR,NYG,25.47,0.518,0.79,3.8810000000000002,0.018,0.887,0.012,1.2409999999999999
00-0033921,Chris Godwin Jr.,WR,TB,30.49,4.952999999999999,7.023,56.735,0.347,0.535,0.012,12.979
00-0040667,Matthew Golden,WR,GB,23.07,2.07,3.14,25.79,0.0,3.5,0.0,5.0
00-0040361,Stephen Gosnell,WR,BUF,24.84,0.0,0.0,0.0,0.0,0.0,0.0,0.0
00-0039816,Anthony Gould,WR,IND,25.39,0.15749999999999997,0.15749999999999997,1.4237499999999998,0.0,0.0,0.0,0.30374999999999996
00-0037828,Danny Gray,WR,PHI,27.4,0.0,0.0,0.0,0.0,0.0,0.0,0.0
00-0040383,Bryson Green,WR,ARI,23.65,0.0,0.0,0.0,0.0,0.0,0.0,0.0
00-0040419,Garrett Greene,WR,TB,24.87,0.0,0.0,0.0,0.0,0.0,0.0,0.0
00-0041359,Wesley Grimes,WR,SF,22.46,0.0,0.0,0.0,0.0,0.0,0.0,0.0
00-0040461,Luke Grimm,WR,LAC,25.05,0.0,0.0,0.0,0.0,0.0,0.0,0.0
00-0040099,Xavier Guillory,WR,BAL,25.12,0.0,0.0,0.0,0.0,0.0,0.0,0.0
00-0041228,Sahmir Hagans,WR,IND,23.69,0.0,0.0,0.0,0.0,0.0,0.0,0.0
00-0035140,Mecole Hardman,WR,BUF,28.46,0.728,1.287,5.792,0.0,1.637,0.024,1.623
00-0040727,Tre Harris,WR,LAC,24.49,1.88,2.69,20.25,0.06,0.62,0.0,4.34
00-0039849,Marvin Harrison Jr.,WR,ARI,24.04,3.5062499999999996,6.3575,51.19125,0.38249999999999995,0.0,0.0,10.99125
00-0041506,Brandon Hayes,WR,PHI,0.0,0.0,0.0,0.0,0.0,0.0,0.0,0.0
00-0040895,Emmanuel Henderson Jr.,WR,SEA,23.43,0.0,0.0,0.0,0.0,0.0,0.0,0.0
00-0040302,A.J. Henning,WR,MIA,24.96,0.0,0.0,0.0,0.0,0.0,0.0,0.0
00-0039329,Julian Hicks,WR,SEA,26.91,0.0,0.0,0.0,0.0,0.0,0.0,0.0
00-0040130,Jayden Higgins,WR,HOU,23.69,2.41,4.0,30.88,0.35,0.0,0.0,7.62
00-0036410,Tee Higgins,WR,CIN,27.6,4.489,7.255,61.91,0.698,0.0,0.0,14.902000000000001
00-0041179,Chris Hilton Jr.,WR,GB,23.87,0.0,0.0,0.0,0.0,0.0,0.0,0.0
00-0034854,KhaDarel Hodge,WR,SF,32.64,0.5820000000000001,1.28,8.827,0.027,0.0,0.0,1.623
00-0036165,Isaiah Hodgins,WR,NYG,27.84,1.435,2.357,14.671000000000001,0.127,0.0,0.0,3.628
00-0040048,Traeshon Holden,WR,DAL,24.95,0.0,0.0,0.0,0.0,0.0,0.0,0.0
00-0040120,Jimmy Holiday,WR,KC,24.69,0.0,0.0,0.0,0.0,0.0,0.0,0.0
00-0033555,Mack Hollins,WR,NE,32.94,2.491,3.702,30.500999999999998,0.157,0.145,0.0,6.510999999999999
00-0040218,Jimmy Horn Jr.,WR,CAR,23.95,1.1,1.5,10.8,0.0,6.9,0.0,2.87
00-0041229,E.J. Horton,WR,IND,25.98,0.0,0.0,0.0,0.0,0.0,0.0,0.0
00-0040648,Tory Horton,WR,SEA,23.74,1.62,2.75,20.12,0.62,0.0,0.0,8.14
00-0037570,Dennis Houston,WR,TB,27.34,0.0,0.0,0.0,0.0,0.0,0.0,0.0
00-0040934,Jordan Hudson,WR,DAL,22.76,0.0,0.0,0.0,0.0,0.0,0.0,0.0
00-0041407,Kyron Hudson,WR,CHI,24.28,0.0,0.0,0.0,0.0,0.0,0.0,0.0
00-0035406,Lil'Jordan Humphrey,WR,DEN,28.35,1.829,3.0940000000000003,20.369999999999997,0.14500000000000002,0.0,0.0,4.705
00-0041048,Ted Hurst III,WR,TB,22.15,0.0,0.0,0.0,0.0,0.0,0.0,0.0
00-0038618,Xavier Hutchinson,WR,HOU,26.23,1.487,2.654,17.383,0.095,1.506,0.0,3.931
00-0038938,Jalin Hyatt,WR,NYG,24.91,1.009,2.351,10.513,0.0,0.0,0.0,2.064
00-0038619,Andrei Iosivas,WR,CIN,26.86,2.008,3.466,25.064,0.242,0.465,0.0,6.029999999999999
00-0035341,Trenton Irwin,WR,SF,30.71,0.5660000000000001,1.0350000000000001,6.016,0.016,0.0,0.0,1.2690000000000001
00-0040445,Courtney Jackson,WR,TEN,25.45,0.0,0.0,0.0,0.0,0.0,0.0,0.0
00-0038181,Lucky Jackson,WR,DET,29.11,0.0,0.0,0.0,0.0,0.0,0.0,0.0
00-0039722,JaQuae Jackson,WR,LAC,26.57,0.0,0.0,0.0,0.0,0.0,0.0,0.0
00-0039392,Jha'Quan Jackson,WR,HOU,26.28,0.029999999999999995,0.09374999999999999,0.25125,0.0,-0.15749999999999997,0.0,0.041249999999999995
00-0038891,Shedrick Jackson,WR,LV,26.85,0.665,0.9349999999999999,9.335,0.165,0.5,0.0,2.65
00-0036322,Justin Jefferson,WR,MIN,27.19,5.648,8.863,79.35900000000001,0.33699999999999997,0.01899999999999999,0.0,15.573
00-0036415,Van Jefferson,WR,WAS,30.08,1.801,3.27,21.006,0.07400000000000001,0.057999999999999996,0.0,4.362
00-0036259,Jauan Jennings,WR,MIN,29.13,3.666,5.7669999999999995,45.010999999999996,0.436,0.0,0.0,10.776
00-0035589,Gary Jennings,WR,LAC,29.47,0.0,0.0,0.0,0.0,0.0,0.0,0.0
00-0036407,Jerry Jeudy,WR,CLE,27.34,3.733,6.7669999999999995,48.867999999999995,0.15599999999999997,0.145,0.0,9.573
00-0037382,Brandon Johnson,WR,LV,28.08,0.6799999999999999,0.9000000000000001,8.379999999999999,0.08000000000000002,0.0,0.0,2.038
00-0039437,Cornelius Johnson,WR,BAL,25.74,0.0,0.0,0.0,0.0,0.0,0.0,0.0
00-0039589,Kameron Johnson,WR,TB,24.44,0.15,0.35,2.3499999999999996,0.0375,1.5062499999999996,0.0,0.755
00-0040237,Tez Johnson,WR,TB,24.27,1.87,2.93,21.47,0.33,1.47,0.0,6.16
00-0040616,Kisean Johnson,WR,GB,24.57,0.0,0.0,0.0,0.0,0.0,0.0,0.0
00-0036427,Tyler Johnson,WR,DAL,28.0,1.7730000000000001,2.7190000000000003,20.48,0.28200000000000003,0.0,0.0,5.5200000000000005
00-0039473,Xavier Johnson,WR,CIN,27.29,0.0,0.0,0.0,0.0,0.0,0.0,0.0
00-0038544,Quentin Johnston,WR,LAC,24.97,3.509,5.839,47.56,0.493,0.496,0.0,11.186
00-0038576,Charlie Jones,WR,CIN,27.82,0.17,0.24100000000000002,1.3770000000000002,0.0,0.236,0.0,0.912
00-0033891,Zay Jones,WR,HOU,31.41,2.1550000000000002,3.471,26.584,0.044000000000000004,0.0,0.0,5.08
00-0040317,Jacoby Jones,WR,WAS,25.1,1.0,1.0,25.0,0.0,0.0,0.0,3.5
00-0039710,Jeshaun Jones,WR,MIN,26.68,0.0,0.0,0.0,0.0,0.0,0.0,0.0
00-0036497,Tim Jones,WR,JAX,28.28,0.5840000000000001,0.796,6.946,0.0,0.0,0.0,1.278
00-0037745,Velus Jones Jr.,WR,SEA,29.29,0.212,0.258,1.508,0.0,5.634,0.0,0.925
00-0041292,Kolbe Katsis,WR,DEN,24.66,0.0,0.0,0.0,0.0,0.0,0.0,0.0
00-0040388,Jakobie Keeney-James,WR,PIT,25.91,2.0,2.0,15.0,0.0,0.0,0.0,3.5
00-0040049,Josh Kelly,WR,HOU,25.15,0.0,0.0,0.0,0.0,0.0,0.0,0.0
00-0041168,Omari Kelly,WR,CHI,22.84,0.0,0.0,0.0,0.0,0.0,0.0,0.0
00-0035544,Tom Kennedy,WR,DET,30.07,0.335,0.43400000000000005,3.0,0.0,0.0,0.0,0.635
00-0041293,Dane Key,WR,DEN,23.15,0.0,0.0,0.0,0.0,0.0,0.0,0.0
00-0041322,Jimmy Kibble,WR,NE,22.68,0.0,0.0,0.0,0.0,0.0,0.0,0.0
00-0036176,Mason Kinsey,WR,TEN,27.99,0.29800000000000004,0.468,5.0489999999999995,0.0,0.0,0.0,0.8049999999999999
00-0034775,Christian Kirk,WR,SF,29.77,3.239,5.545,38.195,0.131,0.1,0.0,7.792
00-0033908,Cooper Kupp,WR,SEA,33.19,4.128,6.273,48.565,0.29400000000000004,0.19899999999999998,0.0,10.748999999999999
00-0041199,Caullin Lacy,WR,NYJ,24.67,0.0,0.0,0.0,0.0,0.0,0.0,0.0
00-0036358,CeeDee Lamb,WR,DAL,27.38,6.492,9.669,85.881,0.377,2.806,0.024,17.737
00-0040184,KeAndre Lambert-Smith,WR,LAC,24.86,0.5,1.2,5.1,0.1,0.0,0.0,1.61
00-0041067,Bryce Lance,WR,NO,24.01,0.0,0.0,0.0,0.0,0.0,0.0,0.0
00-0040870,Ja'Kobi Lane,WR,BAL,22.05,0.0,0.0,0.0,0.0,0.0,0.0,0.0
00-0040164,Jaylin Lane,WR,WAS,24.32,1.07,2.13,15.0,0.0,0.47,0.0,3.41
00-0040259,Gage Larvadain,WR,CLE,23.64,0.54,1.08,5.46,0.0,0.23,0.0,1.11
00-0041446,Kendrick Law,WR,DET,22.2,0.0,0.0,0.0,0.0,0.0,0.0,0.0
00-0039342,Xavier Legette,WR,CAR,25.57,2.6825,4.768749999999999,27.54875,0.22625,0.6,0.0,6.8462499999999995
00-0040867,Makai Lemon,WR,PHI,22.23,0.0,0.0,0.0,0.0,0.0,0.0,0.0
00-0037238,Drake London,WR,ATL,25.09,5.461,8.828,72.03,0.473,-0.054,0.0,15.546
00-0040241,Dominic Lovett,WR,DET,23.8,0.0,0.0,0.0,0.0,0.0,0.0,0.0
00-0041020,Xavier Loyd,WR,KC,23.46,0.0,0.0,0.0,0.0,0.0,0.0,0.0
00-0041272,Ja'Mori Maclin,WR,BUF,24.92,0.0,0.0,0.0,0.0,0.0,0.0,0.0
00-0041294,Joseph Manjack,WR,DEN,23.78,0.0,0.0,0.0,0.0,0.0,0.0,0.0
00-0041266,Keelan Marion,WR,ATL,26.17,0.0,0.0,0.0,0.0,0.0,0.0,0.0
00-0036955,Terrace Marshall Jr.,WR,MIA,26.21,0.6559999999999999,1.1840000000000002,5.936,0.0,0.0,0.0,1.248
00-0037524,Tay Martin,WR,DET,28.7,0.8,1.1,20.45,0.3,0.0,0.0,4.645
00-0039355,Luke McCaffrey,WR,WAS,25.4,1.2799999999999998,1.7374999999999998,18.945,0.20625000000000002,0.0,0.0,4.5675
00-0041267,Malik McClain,WR,NYJ,23.88,0.0,0.0,0.0,0.0,0.0,0.0,0.0
00-0034407,Ray-Ray McCloud,WR,CHI,29.86,1.88,3.036,20.105,0.018,1.895,0.0,4.15
00-0039915,Ladd McConkey,WR,LAC,24.79,4.495,6.762499999999999,57.7475,0.40249999999999997,0.0,0.0,12.716249999999999
00-0041158,Donaven McCulley,WR,MIA,23.61,0.0,0.0,0.0,0.0,0.0,0.0,0.0
00-0037055,Lance McCutcheon,WR,TEN,27.49,0.0,0.0,0.0,0.0,0.0,0.0,0.0
00-0035659,Terry McLaurin,WR,WAS,30.94,4.276,6.616,60.229,0.42599999999999993,0.036,0.0,12.825
00-0039855,Jalen McMillan,WR,TB,24.72,2.9437499999999996,4.016249999999999,41.11,0.23249999999999996,1.3974999999999997,0.0,8.5825
00-0040124,Tetairoa McMillan,WR,CAR,23.39,4.12,7.18,59.65,0.41,0.0,0.0,12.55
00-0039386,Bub Means,WR,NO,25.62,0.8437499999999999,1.4062499999999998,11.062499999999998,0.09374999999999999,0.0,0.0,2.5124999999999997
00-0040390,Jackson Meeks,WR,DET,23.42,0.0,0.0,0.0,0.0,0.0,0.0,0.0
00-0041542,Malick Meiga,WR,CAR,25.42,0.0,0.0,0.0,0.0,0.0,0.0,0.0
00-0037091,Bo Melton,WR,GB,27.27,1.141,2.093,17.115000000000002,0.09,3.64,0.0,3.745
00-0035640,DK Metcalf,WR,PIT,28.7,4.109,6.948,62.098,0.399,0.4,0.035,12.883
00-0037614,John Metchie III,WR,CAR,26.1,2.218,3.383,20.418,0.105,-0.132,0.0,4.8870000000000005
00-0040785,Dohnte Meyers,WR,CIN,26.14,0.0,0.0,0.0,0.0,0.0,0.0,0.0
00-0034960,Jakobi Meyers,WR,JAX,29.79,4.973000000000001,7.343999999999999,56.724000000000004,0.276,1.1640000000000001,0.024,12.586
00-0038824,Ryan Miller,WR,NYG,26.51,0.509,0.886,6.156,0.121,0.0,0.0,1.8619999999999999
00-0035298,Scott Miller,WR,CHI,29.07,1.349,2.1399999999999997,12.578,0.036,0.0,0.0,2.824
00-0036255,Denzel Mims,WR,DAL,28.87,0.0,0.0,0.0,0.0,0.0,0.0,0.0
00-0038976,Marvin Mims Jr.,WR,DEN,24.44,2.1980000000000004,3.03,24.323999999999998,0.152,3.717,0.035,6.385
00-0039062,Jonathan Mingo,WR,DAL,25.35,1.0370000000000001,2.534,11.653,0.0,0.108,0.0,2.17
00-0039890,Adonai Mitchell,WR,NYJ,23.88,1.7937500000000002,4.1025,24.574999999999996,0.075,-0.025000000000000022,0.0,4.61625
00-0035045,D.J. Montgomery,WR,IND,29.77,0.30000000000000004,0.8,5.6000000000000005,0.1,0.0,0.0,1.46
00-0040919,Tyren Montgomery,WR,TEN,25.14,0.0,0.0,0.0,0.0,0.0,0.0,0.0
00-0036309,Darnell Mooney,WR,NYG,28.82,2.707,5.258,39.278999999999996,0.14200000000000002,0.072,0.0,7.494
00-0032398,Chris Moore,WR,BAL,33.19,0.8440000000000001,1.6159999999999999,16.003999999999998,0.05,0.97,0.0,2.84
00-0033589,David Moore,WR,CAR,31.61,0.97,1.539,10.989,0.094,2.0,0.0,2.831
00-0034827,DJ Moore,WR,BUF,29.36,4.328,6.572,53.153999999999996,0.374,3.896,0.041999999999999996,12.638000000000002
00-0036980,Elijah Moore,WR,PHI,26.41,2.315,4.045,23.715,0.041999999999999996,1.4909999999999999,0.055,5.375
00-0040375,Jordan Moore,WR,CIN,24.35,0.0,0.0,0.0,0.0,0.0,0.0,0.0
00-0038090,Skyy Moore,WR,GB,25.96,0.4690000000000001,1.089,6.314,0.016,0.679,0.0,1.2610000000000001
00-0038740,Jalen Moreno-Cropper,WR,NO,25.31,0.0,0.0,0.0,0.0,0.0,0.0,0.0
00-0040590,Konata Mumpfield,WR,LA,23.84,1.0,2.3,9.2,0.1,0.0,0.0,2.52
00-0039337,Malik Nabers,WR,NYG,23.08,5.538749999999999,9.7175,72.445,0.48874999999999996,0.048749999999999995,0.0,15.764999999999997
00-0039075,Puka Nacua,WR,LA,25.24,7.42,9.964,98.077,0.46099999999999997,5.582,0.056999999999999995,20.866
00-0037291,Jalen Nailor,WR,LV,27.48,1.616,2.8,23.274,0.24,0.299,0.0,5.454000000000001
00-0040551,Nick Nash,WR,WAS,27.13,0.0,0.0,0.0,0.0,0.0,0.0,0.0
00-0040558,Isaiah Neyor,WR,GB,25.22,0.0,0.0,0.0,0.0,0.0,0.0,0.0
00-0039679,Ben Nikkel,WR,IND,26.92,0.0,0.0,0.0,0.0,0.0,0.0,0.0
00-0040138,Jaylin Noel,WR,HOU,23.97,1.53,2.06,17.18,0.12,0.71,0.0,4.02
00-0039919,Rome Odunze,WR,CHI,24.23,3.48625,6.915,50.61749999999999,0.38,0.32999999999999996,0.0,10.8075
00-0037239,Chris Olave,WR,NO,26.16,5.413,8.248999999999999,65.383,0.378,0.169,0.0,14.144
00-0039650,Bryce Oliver,WR,TEN,26.27,0.59375,0.7324999999999999,6.955,0.0,0.0,0.0,1.29
00-0035645,Gunner Olszewski,WR,NYG,29.74,0.326,0.42100000000000004,4.53,0.03,0.0,0.0,1.2040000000000002
00-0036345,K.J. Osborn,WR,TEN,29.21,0.9400000000000002,1.771,9.642,0.08200000000000002,0.0,0.0,2.401
00-0040352,Coleman Owen,WR,IND,25.42,0.0,0.5,0.0,0.0,0.0,0.0,0.0
00-0036988,Josh Palmer,WR,BUF,26.92,2.455,4.059,35.924,0.06100000000000001,0.12,0.0,6.462
00-0039397,Tejhaun Palmer,WR,NE,26.27,0.0,0.0,0.0,0.0,0.0,0.0,0.0
00-0039052,Trey Palmer,WR,NO,25.4,0.698,1.241,7.971,0.056999999999999995,0.258,0.0,1.831
00-0040337,Eli Pancol,WR,IND,26.13,0.0,0.0,0.0,0.0,0.0,0.0,0.0
00-0033375,Tim Patrick,WR,NYJ,32.75,1.2349999999999999,1.804,15.071,0.175,0.0,0.0,3.838
00-0041215,Ben Patterson,WR,CLE,23.17,0.0,0.0,0.0,0.0,0.0,0.0,0.0
00-0041435,Dean Patterson IV,WR,TB,24.27,0.0,0.0,0.0,0.0,0.0,0.0,0.0
00-0041361,Will Pauling,WR,SF,23.48,0.0,0.0,0.0,0.0,0.0,0.0,0.0
00-0039916,Ricky Pearsall,WR,SF,25.96,3.5575,5.248749999999999,50.30375,0.10124999999999999,1.3962499999999998,0.0,9.3375
00-0041216,Trebor Pena,WR,JAX,24.51,0.0,0.0,0.0,0.0,0.0,0.0,0.0
00-0034860,Dante Pettis,WR,BUF,30.84,1.01,1.74,12.440000000000001,0.036,0.0,0.0,2.4299999999999997
00-0037247,George Pickens,WR,DAL,25.48,4.74,7.486000000000001,74.72900000000001,0.386,0.08300000000000002,0.0,14.563
00-0037664,Alec Pierce,WR,IND,26.31,2.634,4.856999999999999,54.933,0.356,0.0,0.0,10.259
00-0036252,Michael Pittman,WR,PIT,28.89,5.01,7.297000000000001,52.61,0.312,0.0,0.0,12.215
00-0036647,Cornell Powell,WR,PIT,28.82,0.0,0.0,0.0,0.0,0.0,0.0,0.0
00-0040239,Kaden Prather,WR,GB,23.97,0.0,0.0,0.0,0.0,0.0,0.0,0.0
00-0041152,Kobe Prentice,WR,NE,22.46,0.0,0.0,0.0,0.0,0.0,0.0,0.0
00-0040597,Brennan Presley,WR,LA,24.56,0.0,0.0,0.0,0.0,0.0,0.0,0.0
00-0040506,Myles Price,WR,MIN,24.69,0.0,0.0,0.0,0.0,0.0,0.0,0.0
00-0040405,Jamaal Pritchett,WR,NYJ,23.21,0.0,0.0,0.0,0.0,0.0,0.0,0.0
00-0037422,Kendric Pryor,WR,CIN,28.63,0.3,0.3,2.6999999999999997,0.0,0.0,0.0,0.57
00-0032464,Kalif Raymond,WR,CHI,32.05,1.6380000000000001,2.067,20.763,0.098,1.5170000000000001,0.0,4.784000000000001
00-0036387,Jalen Reagor,WR,MIA,27.64,0.456,1.025,7.353,0.0,0.249,0.0,1.264
00-0041451,Brock Rechsteiner,WR,NO,24.01,0.0,0.0,0.0,0.0,0.0,0.0,0.0
00-0040265,Ja'Seem Reed,WR,CAR,23.43,0.0,0.0,0.0,0.0,0.0,0.0,0.0
00-0039146,Jayden Reed,WR,GB,26.32,3.6719999999999997,4.699,45.735,0.305,7.165,0.041999999999999996,11.041
00-0038519,Nikko Remigio,WR,KC,26.81,0.155,0.395,3.63,0.0,0.395,0.0,0.558
00-0040522,Xavier Restrepo,WR,TEN,24.37,1.5,3.5,20.5,0.0,0.0,0.0,3.55
00-0039067,Rashee Rice,WR,KC,26.34,6.098,8.326,69.014,0.548,1.287,0.06,16.905
00-0040275,JP Richardson,WR,CHI,24.42,0.0,0.0,0.0,0.0,0.0,0.0,0.0
00-0034837,Calvin Ridley,WR,TEN,31.68,3.237,6.288,51.54299999999999,0.16599999999999998,1.242,0.018,9.6
00-0041257,Eric Rivers Jr.,WR,TB,23.94,0.0,0.0,0.0,0.0,0.0,0.0,0.0
00-0041004,Chase Roberts,WR,LV,25.59,0.0,0.0,0.0,0.0,0.0,0.0,0.0
00-0032775,Demarcus Robinson,WR,SF,31.93,1.981,3.354,28.044000000000004,0.258,0.7909999999999999,0.0,6.444
00-0038117,Wan'Dale Robinson,WR,TEN,25.64,5.316,7.8870000000000005,51.025999999999996,0.193,1.633,0.014000000000000002,11.811
00-0041476,Rashad Rochelle,WR,SEA,22.37,0.0,0.0,0.0,0.0,0.0,0.0,0.0
00-0041299,Cameron Ross,WR,DEN,25.02,0.0,0.0,0.0,0.0,0.0,0.0,0.0
00-0041380,Devonte Ross,WR,LAC,23.96,0.0,0.0,0.0,0.0,0.0,0.0,0.0
00-0040633,Kyrese Rowan,WR,DEN,25.58,0.0,0.0,0.0,0.0,0.0,0.0,0.0
00-0040646,Jalen Royals,WR,KC,23.52,1.0,1.5,2.0,0.0,0.0,0.0,1.2
00-0041005,Corey Rucker,WR,LV,24.21,0.0,0.0,0.0,0.0,0.0,0.0,0.0
00-0041475,Trayvon Rudolph,WR,MIN,24.28,0.0,0.0,0.0,0.0,0.0,0.0,0.0
00-0035719,Deebo Samuel Sr.,WR,SF,30.61,4.07,5.901,48.015,0.309,8.066,0.117,12.241
00-0041352,Marcus Sanders Jr.,WR,MIN,22.11,0.0,0.0,0.0,0.0,0.0,0.0,0.0
00-0040876,Elijah Sarratt,WR,BAL,23.24,0.0,0.0,0.0,0.0,0.0,0.0,0.0
00-0041308,Treyvhon Saunders,WR,HOU,22.3,0.0,0.0,0.0,0.0,0.0,0.0,0.0
00-0038941,Tyler Scott,WR,LA,24.87,0.337,0.567,2.959,0.0,0.63,0.0,0.6659999999999999
00-0037545,Rashid Shaheed,WR,SEA,27.98,3.253,5.604,46.122,0.271,3.858,0.0,10.541
00-0037261,Khalil Shakir,WR,BUF,26.56,4.259,5.533,46.526999999999994,0.22999999999999998,0.36,0.0,10.265
00-0041233,Raylen Sharpe,WR,IND,24.41,0.0,0.0,0.0,0.0,0.0,0.0,0.0
00-0038679,Tyrell Shavers,WR,BUF,27.02,0.98,1.345,31.835,0.345,0.0,0.0,6.24
00-0041201,DT Sheffield,WR,NYJ,25.5,0.0,0.0,0.0,0.0,0.0,0.0,0.0
00-0032385,Sterling Shepard,WR,HOU,33.54,2.4379999999999997,3.656,23.116999999999997,0.084,2.4429999999999996,0.0,5.455
00-0040753,Will Sheppard,WR,GB,24.53,0.0,0.0,0.0,0.0,0.0,0.0,0.0
00-0034487,Trent Sherfield,WR,BUF,30.49,0.761,1.232,6.103,0.041999999999999996,0.0,0.0,1.617
00-0035359,David Sills,WR,TB,31.24,0.75,1.5,7.96,0.085,0.0,0.0,2.045
00-0040406,Quentin Skinner,WR,BUF,24.67,1.0,1.0,10.0,0.0,0.0,0.0,4.0
00-0040553,Quincy Skinner Jr.,WR,NYJ,23.49,0.0,0.0,0.0,0.0,0.0,0.0,0.0
00-0036862,Ben Skowronek,WR,PIT,29.16,0.41700000000000004,0.542,5.4719999999999995,0.046,0.13799999999999998,0.0,1.256
00-0035535,Darius Slayton,WR,NYG,29.62,2.64,4.5120000000000005,39.016,0.119,0.318,0.0,7.37
00-0040900,Anthony Smith,WR,DAL,24.49,0.0,0.0,0.0,0.0,0.0,0.0,0.0
00-0040582,Arian Smith,WR,NYJ,24.87,0.54,1.23,4.0,0.0,1.0,0.0,1.04
00-0036775,Brandon Smith,WR,PIT,27.71,0.0,0.0,0.0,0.0,0.0,0.0,0.0
00-0036912,DeVonta Smith,WR,PHI,27.78,4.846,6.78,62.193,0.394,0.024,0.0,13.383
00-0040769,Jaden Smith,WR,DAL,24.7,0.0,0.0,0.0,0.0,0.0,0.0,0.0
00-0040989,Octavian Smith,WR,BAL,23.29,0.0,0.0,0.0,0.0,0.0,0.0,0.0
00-0038359,Xavier Smith,WR,LA,28.93,0.6020000000000001,0.792,9.599,0.0,0.7709999999999999,0.0,1.642
00-0036635,Ihmir Smith-Marsette,WR,ARI,26.99,0.094,0.118,0.6000000000000001,0.0,0.87,0.012,0.502
00-0038543,Jaxon Smith-Njigba,WR,SEA,24.53,6.006,8.307,80.064,0.44799999999999995,1.5190000000000001,0.0,16.811
00-0033857,JuJu Smith-Schuster,WR,NYG,29.76,1.99,2.887,21.173000000000002,0.10200000000000001,0.0,0.0,4.719
00-0041309,Daniel Sobkowicz,WR,HOU,23.94,0.0,0.0,0.0,0.0,0.0,0.0,0.0
00-0036963,Amon-Ra St. Brown,WR,DET,26.84,6.956,9.597,82.43,0.662,0.67,0.0,19.246
00-0041035,De'Zhaun Stribling,WR,SF,23.69,0.0,0.0,0.0,0.0,0.0,0.0,0.0
00-0040948,J. Michael Sturdivant,WR,GB,23.97,0.0,0.0,0.0,0.0,0.0,0.0,0.0
00-0034348,Courtland Sutton,WR,DEN,30.88,4.430999999999999,7.301,59.828,0.479,0.0,0.0,13.344
00-0041438,Carnell Tate,WR,TEN,21.6,0.0,0.0,0.0,0.0,0.0,0.0,0.0
00-0040531,Roc Taylor,WR,CAR,24.91,0.0,0.0,0.0,0.0,0.0,0.0,0.0
00-0040669,Isaac TeSlaa,WR,DET,24.51,1.14,1.93,17.07,0.43,0.0,0.0,5.42
00-0039893,Brian Thomas Jr.,WR,JAX,23.88,4.06375,6.994999999999999,59.841249999999995,0.30874999999999997,1.9949999999999999,0.043750000000000004,12.459999999999999
00-0041248,Noah Thomas,WR,CIN,22.62,0.0,0.0,0.0,0.0,0.0,0.0,0.0
00-0041051,Zavion Thomas,WR,CHI,22.53,0.0,0.0,0.0,0.0,0.0,0.0,0.0
00-0037487,Deven Thompkins,WR,LV,26.67,0.655,0.749,4.106,0.012,1.433,0.0,1.2570000000000001
00-0041550,Brenen Thompson,WR,LAC,23.09,0.0,0.0,0.0,0.0,0.0,0.0,0.0
00-0040581,Dont'e Thornton Jr.,WR,LV,23.73,0.91,2.73,12.27,0.0,0.0,0.0,2.14
00-0038104,Tyquan Thornton,WR,KC,26.05,1.3780000000000001,2.652,23.797,0.125,1.1340000000000001,0.0,4.62
00-0039379,Jamari Thrash,WR,CLE,25.68,0.96875,1.6137499999999998,9.73875,0.0,0.0,0.0,1.9449999999999998
00-0038979,Cedric Tillman,WR,CLE,26.35,2.223,4.057,26.622999999999998,0.184,-0.02200000000000002,0.0,5.983
00-0038839,Mitchell Tinsley,WR,CIN,26.94,0.5,1.5,7.25,0.125,0.0,0.0,1.975
00-0039623,Mason Tipton,WR,NO,25.91,1.4474999999999998,2.4087500000000004,10.0625,0.0,1.40625,0.0,2.59125
00-0037666,Jalen Tolbert,WR,MIA,27.49,1.928,3.324,23.052,0.19099999999999998,0.0,0.0,5.4799999999999995
00-0041274,Max Tomczak,WR,BUF,23.43,0.0,0.0,0.0,0.0,0.0,0.0,0.0
00-0037098,Samori Toure,WR,PHI,28.42,0.7,1.95,3.45,0.0,0.0,0.0,1.096
00-0036841,Austin Trammell,WR,JAX,28.14,0.904,1.8289999999999997,16.221,0.0,0.0,0.0,2.527
00-0032951,Laquon Treadwell,WR,IND,31.2,0.066,0.2,1.066,0.0,0.0,0.0,0.17400000000000002
00-0038840,Brycen Tremayne,WR,CAR,26.77,0.615,0.75,5.035,0.0,0.0,0.0,1.12
00-0038563,Tre Tucker,WR,LV,25.47,2.795,4.657,35.075,0.22899999999999998,3.461,0.018,8.142
00-0034867,Malik Turner,WR,SF,30.57,0.0,0.25,0.0,0.0,0.0,0.0,0.0
00-0037801,KaVontae Turpin,WR,DAL,30.06,1.561,2.407,22.201,0.139,5.964,0.012,5.4
00-0041029,Jordyn Tyson,WR,NO,22.03,0.0,0.0,0.0,0.0,0.0,0.0,0.0
00-0034272,Marquez Valdes-Scantling,WR,DAL,31.87,1.48,3.148,20.089000000000002,0.16,0.093,0.0,4.436
00-0039424,Devaughn Vele,WR,NO,28.7,2.9187499999999993,4.2924999999999995,34.052499999999995,0.22375,0.0,0.0,7.677499999999999
00-0041070,Reggie Virgil,WR,ARI,22.28,0.0,0.0,0.0,0.0,0.0,0.0,0.0
00-0036613,Jaylen Waddle,WR,DEN,27.75,4.189,6.27,57.806000000000004,0.28700000000000003,1.287,0.0,11.894
00-0039259,Dayton Wade,WR,BAL,25.96,0.0,0.0,0.0,0.0,0.0,0.0,0.0
00-0039792,Devontez Walker,WR,BAL,25.18,0.5925,1.0,13.25,0.36124999999999996,0.0,0.0,4.0737499999999995
00-0040277,Jahdae Walker,WR,CHI,24.14,1.0,1.67,14.5,0.33,0.0,0.0,4.45
00-0041368,Harrison Wallace III,WR,ARI,23.34,0.0,0.0,0.0,0.0,0.0,0.0,0.0
00-0036630,Tylan Wallace,WR,CLE,27.29,0.49000000000000005,0.731,7.2349999999999985,0.069,0.0,0.0,1.8359999999999999
00-0039394,Casey Washington,WR,CAR,25.47,0.9375,2.125,14.375,0.0,0.0,0.0,2.375
00-0038606,Parker Washington,WR,JAX,24.43,2.8970000000000002,4.586,38.128,0.268,0.0,0.0,8.828999999999999
00-0039880,Malik Washington,WR,MIA,25.85,2.39125,3.3512499999999994,17.63,0.11249999999999999,4.715,0.06375,5.8100000000000005
00-0039884,Tahj Washington,WR,MIA,25.28,0.9375,1.5625,11.5625,0.0,0.0,0.0,1.46875
00-0040172,Jordan Watkins,WR,SF,24.52,1.0,1.5,13.0,0.0,0.0,0.0,2.3
00-0036271,Quez Watkins,WR,PHI,28.21,0.6000000000000001,0.8400000000000001,5.68,0.04000000000000001,0.0,0.0,1.4080000000000001
00-0038124,Christian Watson,WR,GB,27.29,2.993,5.0649999999999995,53.215,0.454,0.8859999999999999,0.0,11.128
00-0034386,Justin Watson,WR,HOU,30.39,1.3010000000000002,2.01,16.915,0.07900000000000001,0.0,0.0,3.443
00-0038728,Jared Wayne,WR,HOU,25.88,1.0,1.0,10.0,0.0,0.0,0.0,2.0
00-0040311,Theo Wease Jr.,WR,MIA,25.17,2.0,3.33,46.33,0.33,0.0,0.0,8.63
00-0039521,Xavier Weaver,WR,ARI,25.87,0.625,1.5375,5.98125,0.0,0.0,0.0,1.225
00-0040570,Jeremiah Webb,WR,NE,25.27,0.0,0.0,0.0,0.0,0.0,0.0,0.0
00-0041575,Jeff Weimer,WR,KC,0.0,0.0,0.0,0.0,0.0,0.0,0.0,0.0
00-0040438,Antwane Wells Jr.,WR,ATL,25.4,0.0,0.0,0.0,0.0,0.0,0.0,0.0
00-0040976,Levi Wentz,WR,PIT,24.33,0.0,0.0,0.0,0.0,0.0,0.0,0.0
00-0036182,Nick Westbrook-Ikhine,WR,IND,29.43,1.5419999999999998,2.749,19.767,0.23800000000000002,0.0,0.0,4.9799999999999995
00-0040075,LaJohntay Wester,WR,BAL,24.41,0.0,0.0,0.0,0.0,0.0,0.0,0.0
00-0041397,Kaden Wetjen,WR,PIT,24.46,0.0,0.0,0.0,0.0,0.0,0.0,0.0
00-0035891,Cody White,WR,SEA,27.74,0.49,0.7,12.225,0.06,0.0,0.0,2.085
00-0040653,Ricky White III,WR,SEA,24.55,0.0,0.0,0.0,0.0,0.0,0.0,0.0
00-0039751,Jordan Whittington,WR,LA,25.9,1.3387499999999999,1.7937499999999997,14.973749999999999,0.0,0.8225,0.0,2.9187499999999997
00-0038393,Dontayvion Wicks,WR,PHI,25.19,2.362,3.885,27.839,0.216,0.24400000000000002,0.0,6.461
00-0036183,Kristian Wilkerson,WR,ATL,29.62,0.6,0.8999999999999999,5.3999999999999995,0.3,0.0,0.0,2.94
00-0041040,Antonio Williams,WR,WAS,22.11,0.0,0.0,0.0,0.0,0.0,0.0,0.0
00-0041106,C.J. Williams,WR,JAX,23.84,0.0,0.0,0.0,0.0,0.0,0.0,0.0
00-0041011,E.J. Williams Jr.,WR,LV,24.78,0.0,0.0,0.0,0.0,0.0,0.0,0.0
00-0039451,Isaiah Williams,WR,NYJ,25.57,1.175,1.6425,8.325,0.0,1.41875,0.0,2.655
00-0037240,Jameson Williams,WR,DET,25.42,3.471,5.521,58.773999999999994,0.38,2.06,0.037000000000000005,12.053
00-0040534,Ke'Shawn Williams,WR,CIN,24.66,0.09,0.09,0.45,0.0,0.91,0.0,0.23
00-0040131,Kyle Williams,WR,NE,23.78,0.71,1.5,14.93,0.21,0.21,0.0,3.51
00-0040603,Mario Williams,WR,LA,23.59,0.0,0.0,0.0,0.0,0.0,0.0,0.0
00-0040009,Savion Williams,WR,GB,24.76,0.83,0.83,6.5,0.08,3.08,0.0,2.12
00-0034418,Cedrick Wilson Jr.,WR,DET,30.76,1.277,2.064,13.916,0.07800000000000001,0.0,0.0,3.251
00-0037740,Garrett Wilson,WR,NYJ,26.09,5.47,8.908999999999999,59.955,0.44399999999999995,0.087,0.0,14.059000000000001
00-0039236,Johnny Wilson,WR,PHI,25.39,0.18749999999999997,0.5624999999999999,1.4249999999999998,0.0375,0.0,0.0,0.5549999999999999
00-0041287,Kole Wilson,WR,CLE,22.69,0.0,0.0,0.0,0.0,0.0,0.0,0.0
00-0038559,Michael Wilson,WR,ARI,26.5,3.761,5.929,48.557,0.326,0.132,0.0,10.586
00-0039739,Roman Wilson,WR,PIT,25.18,0.83125,1.45625,11.525,0.1375,0.0,0.0,2.68125
00-0035593,Juwann Winfree,WR,HOU,29.97,0.0,0.2,0.0,0.0,0.0,0.0,0.0
00-0038883,Isaiah Winstead,WR,PIT,27.05,0.0,0.0,0.0,0.0,0.0,0.0,0.0
00-0041220,Michael Wortham,WR,JAX,24.16,0.0,0.0,0.0,0.0,0.0,0.0,0.0
00-0039894,Xavier Worthy,WR,KC,23.33,3.25875,5.55125,38.705,0.18625,6.31875,0.07125,9.29375
00-0041069,Colbie Young,WR,CIN,24.09,0.0,0.0,0.0,0.0,0.0,0.0,0.0
00-0037093,Dareke Young,WR,LV,27.23,0.125,0.232,3.0,0.0,0.0,0.0,0.425
00-0035208,Olamide Zaccheaus,WR,ATL,29.09,2.42,3.884,23.648,0.163,1.045,0.0,5.872999999999999
